{
  "version": "2.0",
  "schema_ref": "https://darwin-public.s3.eu-west-1.amazonaws.com/darwin_json_2_0.schema.json",
  "item": {
    "name": "DSC00634.JPG",
    "path": "/",
    "source_info": {
      "dataset": {
        "name": "flower-thrips-20230525",
        "slug": "flower-thrips-20230525",
        "dataset_management_url": "https://darwin.v7labs.com/datasets/646662/dataset-management"
      },
      "item_id": "0188537f-8af7-a8ba-4416-ee7ff16a9f53",
      "team": {
        "name": "ZordiML",
        "slug": "zordiml"
      },
      "workview_url": "https://darwin.v7labs.com/workview?dataset=646662&item=0188537f-8af7-a8ba-4416-ee7ff16a9f53"
    },
    "slots": [
      {
        "type": "image",
        "slot_name": "0",
        "width": 6000,
        "height": 4000,
        "thumbnail_url": "https://darwin.v7labs.com/api/v2/teams/zordiml/files/f54aa4f7-7768-4bf0-ad96-c5c4eb8a8d8d/thumbnail",
        "source_files": [
          {
            "file_name": "DSC00634.JPG",
            "url": "https://darwin.v7labs.com/api/v2/teams/zordiml/uploads/93daf827-4c6e-481a-9fbf-2e0e40fc91c0"
          }
        ]
      }
    ]
  },
  "annotations": []
}