{
  "version": "2.0",
  "schema_ref": "https://darwin-public.s3.eu-west-1.amazonaws.com/darwin_json_2_0.schema.json",
  "item": {
    "name": "DSC00705.JPG",
    "path": "/",
    "source_info": {
      "dataset": {
        "name": "flower-thrips-20230525",
        "slug": "flower-thrips-20230525",
        "dataset_management_url": "https://darwin.v7labs.com/datasets/646662/dataset-management"
      },
      "item_id": "0188537f-8af3-1eb3-652f-9e13e5d4f52a",
      "team": {
        "name": "ZordiML",
        "slug": "zordiml"
      },
      "workview_url": "https://darwin.v7labs.com/workview?dataset=646662&item=0188537f-8af3-1eb3-652f-9e13e5d4f52a"
    },
    "slots": [
      {
        "type": "image",
        "slot_name": "0",
        "width": 6000,
        "height": 4000,
        "thumbnail_url": "https://darwin.v7labs.com/api/v2/teams/zordiml/files/ca9c898a-8a26-46da-afdc-cc99ee783415/thumbnail",
        "source_files": [
          {
            "file_name": "DSC00705.JPG",
            "url": "https://darwin.v7labs.com/api/v2/teams/zordiml/uploads/002d368b-2a63-457b-be4e-850c7b3b997f"
          }
        ]
      }
    ]
  },
  "annotations": [
    {
      "annotators": [
        {
          "email": "labeler701@cogitotech.in",
          "full_name": "Moni Sharma"
        }
      ],
      "bounding_box": {
        "h": 57.14,
        "w": 123.0,
        "x": 2732.21,
        "y": 2130.26
      },
      "id": "31c3b05a-cf82-493a-9ef5-dd9d5d4141a9",
      "name": "thrips_mature",
      "reviewers": [
        {
          "email": "labeler748@cogitotech.in",
          "full_name": "Sonali Thakur"
        }
      ],
      "slot_names": [
        "0"
      ],
      "updated_at": "2023-06-05T12:27:07"
    },
    {
      "annotators": [
        {
          "email": "labeler701@cogitotech.in",
          "full_name": "Moni Sharma"
        }
      ],
      "bounding_box": {
        "h": 108.67,
        "w": 108.67,
        "x": 2906.68,
        "y": 2339.75
      },
      "id": "6b642cc1-24f1-49fa-af88-6bee672273d0",
      "name": "thrips_mature",
      "reviewers": [
        {
          "email": "labeler748@cogitotech.in",
          "full_name": "Sonali Thakur"
        }
      ],
      "slot_names": [
        "0"
      ],
      "updated_at": "2023-06-05T12:27:11"
    },
    {
      "annotators": [
        {
          "email": "labeler701@cogitotech.in",
          "full_name": "Moni Sharma"
        }
      ],
      "bounding_box": {
        "h": 72.32,
        "w": 167.27,
        "x": 3018.69,
        "y": 2426.53
      },
      "id": "af43c8c9-6138-4a22-973e-993cf9514c60",
      "name": "thrips_mature",
      "reviewers": [
        {
          "email": "labeler748@cogitotech.in",
          "full_name": "Sonali Thakur"
        }
      ],
      "slot_names": [
        "0"
      ],
      "updated_at": "2023-06-05T12:27:15"
    },
    {
      "annotators": [
        {
          "email": "labeler701@cogitotech.in",
          "full_name": "Moni Sharma"
        }
      ],
      "bounding_box": {
        "h": 67.13,
        "w": 127.21,
        "x": 3126.62,
        "y": 2436.55
      },
      "id": "97e2b8f0-9ee3-46d3-9f8f-b8aca8b84d58",
      "name": "thrips_mature",
      "reviewers": [
        {
          "email": "labeler748@cogitotech.in",
          "full_name": "Sonali Thakur"
        }
      ],
      "slot_names": [
        "0"
      ],
      "updated_at": "2023-06-05T12:27:18"
    },
    {
      "annotators": [
        {
          "email": "labeler701@cogitotech.in",
          "full_name": "Moni Sharma"
        }
      ],
      "bounding_box": {
        "h": 29.66,
        "w": 52.94,
        "x": 3315.3,
        "y": 1721.05
      },
      "id": "ebbe7cf9-63e3-4e36-ab99-4adcf7288eb4",
      "name": "thrips_mature",
      "reviewers": [
        {
          "email": "labeler748@cogitotech.in",
          "full_name": "Sonali Thakur"
        }
      ],
      "slot_names": [
        "0"
      ],
      "updated_at": "2023-06-05T12:27:30"
    }
  ]
}