{
  "version": "2.0",
  "schema_ref": "https://darwin-public.s3.eu-west-1.amazonaws.com/darwin_json_2_0.schema.json",
  "item": {
    "name": "DSC00938.JPG",
    "path": "/",
    "source_info": {
      "dataset": {
        "name": "flower-thrips-20230525",
        "slug": "flower-thrips-20230525",
        "dataset_management_url": "https://darwin.v7labs.com/datasets/646662/dataset-management"
      },
      "item_id": "0188537f-8aea-430e-9992-f34a1554f5cc",
      "team": {
        "name": "ZordiML",
        "slug": "zordiml"
      },
      "workview_url": "https://darwin.v7labs.com/workview?dataset=646662&item=0188537f-8aea-430e-9992-f34a1554f5cc"
    },
    "slots": [
      {
        "type": "image",
        "slot_name": "0",
        "width": 6000,
        "height": 4000,
        "thumbnail_url": "https://darwin.v7labs.com/api/v2/teams/zordiml/files/52c38804-f2d6-4d6a-a2f7-77c31e5c4244/thumbnail",
        "source_files": [
          {
            "file_name": "DSC00938.JPG",
            "url": "https://darwin.v7labs.com/api/v2/teams/zordiml/uploads/53ccf5b2-9a7a-4588-9126-661415f76b1a"
          }
        ]
      }
    ]
  },
  "annotations": [
    {
      "annotators": [
        {
          "email": "labeler701@cogitotech.in",
          "full_name": "Moni Sharma"
        }
      ],
      "bounding_box": {
        "h": 151.65,
        "w": 90.7,
        "x": 3014.36,
        "y": 2455.34
      },
      "id": "8fd58373-2dfd-4ad8-99be-eb71702799f0",
      "name": "thrips_mature",
      "reviewers": [
        {
          "email": "labeler748@cogitotech.in",
          "full_name": "Sonali Thakur"
        }
      ],
      "slot_names": [
        "0"
      ],
      "updated_at": "2023-06-06T06:37:07"
    },
    {
      "annotators": [
        {
          "email": "labeler701@cogitotech.in",
          "full_name": "Moni Sharma"
        }
      ],
      "bounding_box": {
        "h": 76.08,
        "w": 109.31,
        "x": 3153.41,
        "y": 1977.53
      },
      "id": "ddba454f-522b-4a64-abd5-2121a20d4f6e",
      "name": "thrips_young",
      "reviewers": [
        {
          "email": "labeler748@cogitotech.in",
          "full_name": "Sonali Thakur"
        }
      ],
      "slot_names": [
        "0"
      ],
      "updated_at": "2023-06-06T06:37:17"
    }
  ]
}