{
  "version": "2.0",
  "schema_ref": "https://darwin-public.s3.eu-west-1.amazonaws.com/darwin_json_2_0.schema.json",
  "item": {
    "name": "DSC00736.JPG",
    "path": "/",
    "source_info": {
      "dataset": {
        "name": "flower-thrips-20230525",
        "slug": "flower-thrips-20230525",
        "dataset_management_url": "https://darwin.v7labs.com/datasets/646662/dataset-management"
      },
      "item_id": "0188537f-8af2-5454-fda6-e3cd1c00f7bd",
      "team": {
        "name": "ZordiML",
        "slug": "zordiml"
      },
      "workview_url": "https://darwin.v7labs.com/workview?dataset=646662&item=0188537f-8af2-5454-fda6-e3cd1c00f7bd"
    },
    "slots": [
      {
        "type": "image",
        "slot_name": "0",
        "width": 6000,
        "height": 4000,
        "thumbnail_url": "https://darwin.v7labs.com/api/v2/teams/zordiml/files/3c32252b-506b-4341-b10e-dd5d8fad5150/thumbnail",
        "source_files": [
          {
            "file_name": "DSC00736.JPG",
            "url": "https://darwin.v7labs.com/api/v2/teams/zordiml/uploads/eb971e9c-e68b-4bc1-ae62-cf3c039cb0de"
          }
        ]
      }
    ]
  },
  "annotations": [
    {
      "annotators": [
        {
          "email": "labeler701@cogitotech.in",
          "full_name": "Moni Sharma"
        }
      ],
      "bounding_box": {
        "h": 41.08,
        "w": 124.32,
        "x": 2633.52,
        "y": 2137.25
      },
      "id": "b2b51331-f6b0-4d44-b011-cc5970bf6b98",
      "name": "thrips_mature",
      "reviewers": [
        {
          "email": "labeler748@cogitotech.in",
          "full_name": "Sonali Thakur"
        },
        {
          "email": "youngsun@zordi.com",
          "full_name": "Youngsun Kim"
        }
      ],
      "slot_names": [
        "0"
      ],
      "updated_at": "2023-06-06T03:58:49"
    },
    {
      "annotators": [
        {
          "email": "youngsun@zordi.com",
          "full_name": "Youngsun Kim"
        },
        {
          "email": "labeler701@cogitotech.in",
          "full_name": "Moni Sharma"
        }
      ],
      "bounding_box": {
        "h": 37.25,
        "w": 87.39,
        "x": 3195.74,
        "y": 2606.27
      },
      "id": "0e87c80f-9953-482d-95b7-e34f40b55f03",
      "name": "thrips_mature",
      "reviewers": [
        {
          "email": "labeler748@cogitotech.in",
          "full_name": "Sonali Thakur"
        },
        {
          "email": "youngsun@zordi.com",
          "full_name": "Youngsun Kim"
        }
      ],
      "slot_names": [
        "0"
      ],
      "updated_at": "2023-06-06T20:50:50"
    },
    {
      "annotators": [
        {
          "email": "labeler701@cogitotech.in",
          "full_name": "Moni Sharma"
        }
      ],
      "bounding_box": {
        "h": 103.62,
        "w": 68.64,
        "x": 3586.73,
        "y": 2238.51
      },
      "id": "d2099e27-d132-408f-a5b1-b9a8c9fc1813",
      "name": "thrips_mature",
      "reviewers": [
        {
          "email": "labeler748@cogitotech.in",
          "full_name": "Sonali Thakur"
        },
        {
          "email": "youngsun@zordi.com",
          "full_name": "Youngsun Kim"
        }
      ],
      "slot_names": [
        "0"
      ],
      "updated_at": "2023-06-06T03:59:02"
    },
    {
      "annotators": [
        {
          "email": "labeler701@cogitotech.in",
          "full_name": "Moni Sharma"
        }
      ],
      "bounding_box": {
        "h": 73.26,
        "w": 108.24,
        "x": 3479.15,
        "y": 2342.79
      },
      "id": "8452f2ae-94e7-448d-a64c-72e8c0c36252",
      "name": "thrips_mature",
      "reviewers": [
        {
          "email": "youngsun@zordi.com",
          "full_name": "Youngsun Kim"
        },
        {
          "email": "labeler748@cogitotech.in",
          "full_name": "Sonali Thakur"
        }
      ],
      "slot_names": [
        "0"
      ],
      "updated_at": "2023-06-06T03:59:06"
    },
    {
      "annotators": [
        {
          "email": "labeler701@cogitotech.in",
          "full_name": "Moni Sharma"
        }
      ],
      "bounding_box": {
        "h": 52.14,
        "w": 159.06,
        "x": 3252.1,
        "y": 1779.14
      },
      "id": "1a41828c-429e-41fe-980e-d50d3a93b9e9",
      "name": "thrips_mature",
      "reviewers": [
        {
          "email": "youngsun@zordi.com",
          "full_name": "Youngsun Kim"
        },
        {
          "email": "labeler748@cogitotech.in",
          "full_name": "Sonali Thakur"
        }
      ],
      "slot_names": [
        "0"
      ],
      "updated_at": "2023-06-06T03:59:15"
    },
    {
      "annotators": [
        {
          "email": "labeler701@cogitotech.in",
          "full_name": "Moni Sharma"
        }
      ],
      "bounding_box": {
        "h": 69.3,
        "w": 44.88,
        "x": 3062.68,
        "y": 1603.58
      },
      "id": "314ba427-9937-41e9-9e47-a85b80075529",
      "name": "thrips_mature",
      "reviewers": [
        {
          "email": "labeler748@cogitotech.in",
          "full_name": "Sonali Thakur"
        },
        {
          "email": "youngsun@zordi.com",
          "full_name": "Youngsun Kim"
        }
      ],
      "slot_names": [
        "0"
      ],
      "updated_at": "2023-06-06T03:59:18"
    },
    {
      "annotators": [
        {
          "email": "labeler701@cogitotech.in",
          "full_name": "Moni Sharma"
        }
      ],
      "bounding_box": {
        "h": 56.79,
        "w": 76.84,
        "x": 3955.82,
        "y": 1961.64
      },
      "id": "7f1da6b2-5d69-44ae-afcb-9385778cbdd6",
      "name": "thrips_mature",
      "reviewers": [
        {
          "email": "labeler748@cogitotech.in",
          "full_name": "Sonali Thakur"
        },
        {
          "email": "youngsun@zordi.com",
          "full_name": "Youngsun Kim"
        }
      ],
      "slot_names": [
        "0"
      ],
      "updated_at": "2023-06-06T03:59:25"
    },
    {
      "annotators": [
        {
          "email": "labeler701@cogitotech.in",
          "full_name": "Moni Sharma"
        }
      ],
      "bounding_box": {
        "h": 148.8,
        "w": 56.52,
        "x": 2818.67,
        "y": 2235.55
      },
      "id": "4dd489d1-d68d-42d7-8757-1f7dfee2b001",
      "name": "thrips_young",
      "reviewers": [
        {
          "email": "youngsun@zordi.com",
          "full_name": "Youngsun Kim"
        },
        {
          "email": "labeler748@cogitotech.in",
          "full_name": "Sonali Thakur"
        }
      ],
      "slot_names": [
        "0"
      ],
      "updated_at": "2023-06-06T03:59:39"
    }
  ]
}