{
  "version": "2.0",
  "schema_ref": "https://darwin-public.s3.eu-west-1.amazonaws.com/darwin_json_2_0.schema.json",
  "item": {
    "name": "DSC00759.JPG",
    "path": "/",
    "source_info": {
      "dataset": {
        "name": "flower-thrips-20230525",
        "slug": "flower-thrips-20230525",
        "dataset_management_url": "https://darwin.v7labs.com/datasets/646662/dataset-management"
      },
      "item_id": "0188537f-8af1-e1f2-acf2-9d5c0c9caeb7",
      "team": {
        "name": "ZordiML",
        "slug": "zordiml"
      },
      "workview_url": "https://darwin.v7labs.com/workview?dataset=646662&item=0188537f-8af1-e1f2-acf2-9d5c0c9caeb7"
    },
    "slots": [
      {
        "type": "image",
        "slot_name": "0",
        "width": 6000,
        "height": 4000,
        "thumbnail_url": "https://darwin.v7labs.com/api/v2/teams/zordiml/files/943286cb-d61c-417f-bac5-d17a398de90b/thumbnail",
        "source_files": [
          {
            "file_name": "DSC00759.JPG",
            "url": "https://darwin.v7labs.com/api/v2/teams/zordiml/uploads/7de6227d-ac03-4f64-8180-fc43f23a01fa"
          }
        ]
      }
    ]
  },
  "annotations": []
}