{
  "version": "2.0",
  "schema_ref": "https://darwin-public.s3.eu-west-1.amazonaws.com/darwin_json_2_0.schema.json",
  "item": {
    "name": "DSC00742.JPG",
    "path": "/",
    "source_info": {
      "dataset": {
        "name": "flower-thrips-20230525",
        "slug": "flower-thrips-20230525",
        "dataset_management_url": "https://darwin.v7labs.com/datasets/646662/dataset-management"
      },
      "item_id": "0188537f-8af2-4506-b1ff-bd00f39365ae",
      "team": {
        "name": "ZordiML",
        "slug": "zordiml"
      },
      "workview_url": "https://darwin.v7labs.com/workview?dataset=646662&item=0188537f-8af2-4506-b1ff-bd00f39365ae"
    },
    "slots": [
      {
        "type": "image",
        "slot_name": "0",
        "width": 6000,
        "height": 4000,
        "thumbnail_url": "https://darwin.v7labs.com/api/v2/teams/zordiml/files/2b61c2ff-5ab9-4dd0-80ea-24eb6ac1e5b7/thumbnail",
        "source_files": [
          {
            "file_name": "DSC00742.JPG",
            "url": "https://darwin.v7labs.com/api/v2/teams/zordiml/uploads/2cb1df2c-1950-4f5f-9f4e-800ed3aad548"
          }
        ]
      }
    ]
  },
  "annotations": []
}