{
  "version": "2.0",
  "schema_ref": "https://darwin-public.s3.eu-west-1.amazonaws.com/darwin_json_2_0.schema.json",
  "item": {
    "name": "DSC00891.JPG",
    "path": "/",
    "source_info": {
      "dataset": {
        "name": "flower-thrips-20230525",
        "slug": "flower-thrips-20230525",
        "dataset_management_url": "https://darwin.v7labs.com/datasets/646662/dataset-management"
      },
      "item_id": "0188537f-8aec-ed51-0431-086fe82a630c",
      "team": {
        "name": "ZordiML",
        "slug": "zordiml"
      },
      "workview_url": "https://darwin.v7labs.com/workview?dataset=646662&item=0188537f-8aec-ed51-0431-086fe82a630c"
    },
    "slots": [
      {
        "type": "image",
        "slot_name": "0",
        "width": 6000,
        "height": 4000,
        "thumbnail_url": "https://darwin.v7labs.com/api/v2/teams/zordiml/files/052db5a5-b6c9-4589-8c5b-7635d596516b/thumbnail",
        "source_files": [
          {
            "file_name": "DSC00891.JPG",
            "url": "https://darwin.v7labs.com/api/v2/teams/zordiml/uploads/f2788f3b-4a17-4270-8eda-c70c1d2c2639"
          }
        ]
      }
    ]
  },
  "annotations": []
}