{
  "version": "2.0",
  "schema_ref": "https://darwin-public.s3.eu-west-1.amazonaws.com/darwin_json_2_0.schema.json",
  "item": {
    "name": "DSC00913.JPG",
    "path": "/",
    "source_info": {
      "dataset": {
        "name": "flower-thrips-20230525",
        "slug": "flower-thrips-20230525",
        "dataset_management_url": "https://darwin.v7labs.com/datasets/646662/dataset-management"
      },
      "item_id": "0188537f-8aeb-d21e-120f-c5bc8c4a01ab",
      "team": {
        "name": "ZordiML",
        "slug": "zordiml"
      },
      "workview_url": "https://darwin.v7labs.com/workview?dataset=646662&item=0188537f-8aeb-d21e-120f-c5bc8c4a01ab"
    },
    "slots": [
      {
        "type": "image",
        "slot_name": "0",
        "width": 6000,
        "height": 4000,
        "thumbnail_url": "https://darwin.v7labs.com/api/v2/teams/zordiml/files/3a407544-8a9e-4fd9-8b50-2a3763915ce2/thumbnail",
        "source_files": [
          {
            "file_name": "DSC00913.JPG",
            "url": "https://darwin.v7labs.com/api/v2/teams/zordiml/uploads/4511fe0c-fc6a-4208-be2f-db1a21019ee8"
          }
        ]
      }
    ]
  },
  "annotations": []
}