{
  "version": "2.0",
  "schema_ref": "https://darwin-public.s3.eu-west-1.amazonaws.com/darwin_json_2_0.schema.json",
  "item": {
    "name": "DSC00837.JPG",
    "path": "/",
    "source_info": {
      "dataset": {
        "name": "flower-thrips-20230525",
        "slug": "flower-thrips-20230525",
        "dataset_management_url": "https://darwin.v7labs.com/datasets/646662/dataset-management"
      },
      "item_id": "0188537f-8aee-bb9e-6e3d-d45e263e1423",
      "team": {
        "name": "ZordiML",
        "slug": "zordiml"
      },
      "workview_url": "https://darwin.v7labs.com/workview?dataset=646662&item=0188537f-8aee-bb9e-6e3d-d45e263e1423"
    },
    "slots": [
      {
        "type": "image",
        "slot_name": "0",
        "width": 6000,
        "height": 4000,
        "thumbnail_url": "https://darwin.v7labs.com/api/v2/teams/zordiml/files/be4a3c3c-9ad5-4ebb-80c6-d7baeba8d392/thumbnail",
        "source_files": [
          {
            "file_name": "DSC00837.JPG",
            "url": "https://darwin.v7labs.com/api/v2/teams/zordiml/uploads/96f893cf-92ec-4b02-a26a-c9ffbdbd4e9f"
          }
        ]
      }
    ]
  },
  "annotations": [
    {
      "annotators": [
        {
          "email": "labeler706@cogitotech.in",
          "full_name": "Shayena Hashmi"
        }
      ],
      "bounding_box": {
        "h": 130.85,
        "w": 184.93,
        "x": 4107.86,
        "y": 3579.96
      },
      "id": "84860fa5-43c6-476e-a6e8-7fbf5ba24720",
      "name": "thrips_mature",
      "reviewers": [
        {
          "email": "labeler748@cogitotech.in",
          "full_name": "Sonali Thakur"
        }
      ],
      "slot_names": [
        "0"
      ],
      "updated_at": "2023-06-06T05:55:40"
    }
  ]
}