{
  "version": "2.0",
  "schema_ref": "https://darwin-public.s3.eu-west-1.amazonaws.com/darwin_json_2_0.schema.json",
  "item": {
    "name": "DSC00775.JPG",
    "path": "/",
    "source_info": {
      "dataset": {
        "name": "flower-thrips-20230525",
        "slug": "flower-thrips-20230525",
        "dataset_management_url": "https://darwin.v7labs.com/datasets/646662/dataset-management"
      },
      "item_id": "0188537f-8af0-9f66-c3fb-47f330f7c7df",
      "team": {
        "name": "ZordiML",
        "slug": "zordiml"
      },
      "workview_url": "https://darwin.v7labs.com/workview?dataset=646662&item=0188537f-8af0-9f66-c3fb-47f330f7c7df"
    },
    "slots": [
      {
        "type": "image",
        "slot_name": "0",
        "width": 6000,
        "height": 4000,
        "thumbnail_url": "https://darwin.v7labs.com/api/v2/teams/zordiml/files/6f6b08ac-ba81-43a5-aa04-3b74cc190c29/thumbnail",
        "source_files": [
          {
            "file_name": "DSC00775.JPG",
            "url": "https://darwin.v7labs.com/api/v2/teams/zordiml/uploads/80129444-9e2c-42ba-90ef-8ea037e81c45"
          }
        ]
      }
    ]
  },
  "annotations": []
}