{
  "version": "2.0",
  "schema_ref": "https://darwin-public.s3.eu-west-1.amazonaws.com/darwin_json_2_0.schema.json",
  "item": {
    "name": "DSC00729.JPG",
    "path": "/",
    "source_info": {
      "dataset": {
        "name": "flower-thrips-20230525",
        "slug": "flower-thrips-20230525",
        "dataset_management_url": "https://darwin.v7labs.com/datasets/646662/dataset-management"
      },
      "item_id": "0188537f-8af2-59fd-217d-562af28ee322",
      "team": {
        "name": "ZordiML",
        "slug": "zordiml"
      },
      "workview_url": "https://darwin.v7labs.com/workview?dataset=646662&item=0188537f-8af2-59fd-217d-562af28ee322"
    },
    "slots": [
      {
        "type": "image",
        "slot_name": "0",
        "width": 6000,
        "height": 4000,
        "thumbnail_url": "https://darwin.v7labs.com/api/v2/teams/zordiml/files/105716da-37cd-4109-8b08-f62b4bca99a5/thumbnail",
        "source_files": [
          {
            "file_name": "DSC00729.JPG",
            "url": "https://darwin.v7labs.com/api/v2/teams/zordiml/uploads/5a99a7d3-8ec1-45d4-a692-333ffee59c89"
          }
        ]
      }
    ]
  },
  "annotations": []
}