{
  "version": "2.0",
  "schema_ref": "https://darwin-public.s3.eu-west-1.amazonaws.com/darwin_json_2_0.schema.json",
  "item": {
    "name": "DSC00636.JPG",
    "path": "/",
    "source_info": {
      "dataset": {
        "name": "flower-thrips-20230525",
        "slug": "flower-thrips-20230525",
        "dataset_management_url": "https://darwin.v7labs.com/datasets/646662/dataset-management"
      },
      "item_id": "0188537f-8af7-3856-445f-06ab7a2197c6",
      "team": {
        "name": "ZordiML",
        "slug": "zordiml"
      },
      "workview_url": "https://darwin.v7labs.com/workview?dataset=646662&item=0188537f-8af7-3856-445f-06ab7a2197c6"
    },
    "slots": [
      {
        "type": "image",
        "slot_name": "0",
        "width": 6000,
        "height": 4000,
        "thumbnail_url": "https://darwin.v7labs.com/api/v2/teams/zordiml/files/6a8d1b5a-87de-4f12-b800-d295b19f1603/thumbnail",
        "source_files": [
          {
            "file_name": "DSC00636.JPG",
            "url": "https://darwin.v7labs.com/api/v2/teams/zordiml/uploads/a4a8f694-d02b-42c9-b658-0a7f43d01f23"
          }
        ]
      }
    ]
  },
  "annotations": []
}