{
  "version": "2.0",
  "schema_ref": "https://darwin-public.s3.eu-west-1.amazonaws.com/darwin_json_2_0.schema.json",
  "item": {
    "name": "DSC00881.JPG",
    "path": "/",
    "source_info": {
      "dataset": {
        "name": "flower-thrips-20230525",
        "slug": "flower-thrips-20230525",
        "dataset_management_url": "https://darwin.v7labs.com/datasets/646662/dataset-management"
      },
      "item_id": "0188537f-8aec-bb09-d7e4-2a0e2d7f2ff3",
      "team": {
        "name": "ZordiML",
        "slug": "zordiml"
      },
      "workview_url": "https://darwin.v7labs.com/workview?dataset=646662&item=0188537f-8aec-bb09-d7e4-2a0e2d7f2ff3"
    },
    "slots": [
      {
        "type": "image",
        "slot_name": "0",
        "width": 6000,
        "height": 4000,
        "thumbnail_url": "https://darwin.v7labs.com/api/v2/teams/zordiml/files/7bf2bedb-c73f-4e4d-91d9-cab07c440962/thumbnail",
        "source_files": [
          {
            "file_name": "DSC00881.JPG",
            "url": "https://darwin.v7labs.com/api/v2/teams/zordiml/uploads/0a37f8d6-9b6e-436a-b95c-969da3a0fbbd"
          }
        ]
      }
    ]
  },
  "annotations": [
    {
      "annotators": [
        {
          "email": "labeler701@cogitotech.in",
          "full_name": "Moni Sharma"
        }
      ],
      "bounding_box": {
        "h": 49.18,
        "w": 52.53,
        "x": 3047.42,
        "y": 2974.27
      },
      "id": "d4564064-4aa2-4b26-9e1e-bdce6424b922",
      "name": "other_insect",
      "reviewers": [
        {
          "email": "youngsun@zordi.com",
          "full_name": "Youngsun Kim"
        }
      ],
      "slot_names": [
        "0"
      ],
      "updated_at": "2023-06-06T04:55:36"
    },
    {
      "annotators": [
        {
          "email": "labeler701@cogitotech.in",
          "full_name": "Moni Sharma"
        }
      ],
      "bounding_box": {
        "h": 77.62,
        "w": 134.25,
        "x": 2730.91,
        "y": 2321.42
      },
      "id": "243de76d-92bf-4d6e-a1b3-dde818ebbd36",
      "name": "thrips_mature",
      "reviewers": [
        {
          "email": "youngsun@zordi.com",
          "full_name": "Youngsun Kim"
        }
      ],
      "slot_names": [
        "0"
      ],
      "updated_at": "2023-06-06T04:55:44"
    },
    {
      "annotators": [
        {
          "email": "youngsun@zordi.com",
          "full_name": "Youngsun Kim"
        }
      ],
      "bounding_box": {
        "h": 44.13,
        "w": 33.1,
        "x": 3616.58,
        "y": 2019.3
      },
      "id": "e8c7cdd9-1a08-487e-80f6-30a79dc0830f",
      "name": "other_insect",
      "reviewers": [
        {
          "email": "youngsun@zordi.com",
          "full_name": "Youngsun Kim"
        }
      ],
      "slot_names": [
        "0"
      ],
      "updated_at": "2023-06-06T19:06:05"
    }
  ]
}