{
  "version": "2.0",
  "schema_ref": "https://darwin-public.s3.eu-west-1.amazonaws.com/darwin_json_2_0.schema.json",
  "item": {
    "name": "DSC00933.JPG",
    "path": "/",
    "source_info": {
      "dataset": {
        "name": "flower-thrips-20230525",
        "slug": "flower-thrips-20230525",
        "dataset_management_url": "https://darwin.v7labs.com/datasets/646662/dataset-management"
      },
      "item_id": "0188537f-8aea-204a-f606-aa80f38750e1",
      "team": {
        "name": "ZordiML",
        "slug": "zordiml"
      },
      "workview_url": "https://darwin.v7labs.com/workview?dataset=646662&item=0188537f-8aea-204a-f606-aa80f38750e1"
    },
    "slots": [
      {
        "type": "image",
        "slot_name": "0",
        "width": 6000,
        "height": 4000,
        "thumbnail_url": "https://darwin.v7labs.com/api/v2/teams/zordiml/files/23783641-08af-469f-acc0-0d178f1ecf8e/thumbnail",
        "source_files": [
          {
            "file_name": "DSC00933.JPG",
            "url": "https://darwin.v7labs.com/api/v2/teams/zordiml/uploads/23b80935-4fc1-41d7-9499-c555a2ca24a3"
          }
        ]
      }
    ]
  },
  "annotations": []
}