{
  "version": "2.0",
  "schema_ref": "https://darwin-public.s3.eu-west-1.amazonaws.com/darwin_json_2_0.schema.json",
  "item": {
    "name": "DSC00899.JPG",
    "path": "/",
    "source_info": {
      "dataset": {
        "name": "flower-thrips-20230525",
        "slug": "flower-thrips-20230525",
        "dataset_management_url": "https://darwin.v7labs.com/datasets/646662/dataset-management"
      },
      "item_id": "0188537f-8aec-746d-1d17-73b0f9d9c2c7",
      "team": {
        "name": "ZordiML",
        "slug": "zordiml"
      },
      "workview_url": "https://darwin.v7labs.com/workview?dataset=646662&item=0188537f-8aec-746d-1d17-73b0f9d9c2c7"
    },
    "slots": [
      {
        "type": "image",
        "slot_name": "0",
        "width": 6000,
        "height": 4000,
        "thumbnail_url": "https://darwin.v7labs.com/api/v2/teams/zordiml/files/0f3f074d-4f91-486c-b2df-47ca4dcfdb06/thumbnail",
        "source_files": [
          {
            "file_name": "DSC00899.JPG",
            "url": "https://darwin.v7labs.com/api/v2/teams/zordiml/uploads/52043d1b-32cf-4cb5-9fa5-c4b28a09c268"
          }
        ]
      }
    ]
  },
  "annotations": [
    {
      "annotators": [
        {
          "email": "labeler701@cogitotech.in",
          "full_name": "Moni Sharma"
        }
      ],
      "bounding_box": {
        "h": 104.97,
        "w": 158.22,
        "x": 2885.52,
        "y": 2907.3
      },
      "id": "5bd6d238-6b84-41b8-906a-05bd7d7eafd4",
      "name": "thrips_young",
      "reviewers": [
        {
          "email": "labeler748@cogitotech.in",
          "full_name": "Sonali Thakur"
        }
      ],
      "slot_names": [
        "0"
      ],
      "updated_at": "2023-06-06T05:02:19"
    }
  ]
}