{
  "version": "2.0",
  "schema_ref": "https://darwin-public.s3.eu-west-1.amazonaws.com/darwin_json_2_0.schema.json",
  "item": {
    "name": "DSC00907.JPG",
    "path": "/",
    "source_info": {
      "dataset": {
        "name": "flower-thrips-20230525",
        "slug": "flower-thrips-20230525",
        "dataset_management_url": "https://darwin.v7labs.com/datasets/646662/dataset-management"
      },
      "item_id": "0188537f-8aeb-fd8c-5b26-dc8aae0cd93e",
      "team": {
        "name": "ZordiML",
        "slug": "zordiml"
      },
      "workview_url": "https://darwin.v7labs.com/workview?dataset=646662&item=0188537f-8aeb-fd8c-5b26-dc8aae0cd93e"
    },
    "slots": [
      {
        "type": "image",
        "slot_name": "0",
        "width": 6000,
        "height": 4000,
        "thumbnail_url": "https://darwin.v7labs.com/api/v2/teams/zordiml/files/7178619a-0679-4206-9111-835fcaa65574/thumbnail",
        "source_files": [
          {
            "file_name": "DSC00907.JPG",
            "url": "https://darwin.v7labs.com/api/v2/teams/zordiml/uploads/c9ca9e05-1e47-411e-8be0-8d7845be31f5"
          }
        ]
      }
    ]
  },
  "annotations": [
    {
      "annotators": [
        {
          "email": "labeler701@cogitotech.in",
          "full_name": "Moni Sharma"
        }
      ],
      "bounding_box": {
        "h": 66.75,
        "w": 148.25,
        "x": 2461.62,
        "y": 2169.83
      },
      "id": "992d74e4-1d66-4e76-b097-e61c0c482356",
      "name": "thrips_mature",
      "reviewers": [
        {
          "email": "labeler748@cogitotech.in",
          "full_name": "Sonali Thakur"
        }
      ],
      "slot_names": [
        "0"
      ],
      "updated_at": "2023-06-06T05:22:30"
    },
    {
      "annotators": [
        {
          "email": "labeler701@cogitotech.in",
          "full_name": "Moni Sharma"
        }
      ],
      "bounding_box": {
        "h": 150.25,
        "w": 65.98,
        "x": 3390.27,
        "y": 2389.82
      },
      "id": "8d7d2366-71f5-4937-8d08-a8c3f0320ce2",
      "name": "thrips_mature",
      "reviewers": [
        {
          "email": "labeler748@cogitotech.in",
          "full_name": "Sonali Thakur"
        }
      ],
      "slot_names": [
        "0"
      ],
      "updated_at": "2023-06-06T05:22:35"
    },
    {
      "annotators": [
        {
          "email": "labeler748@cogitotech.in",
          "full_name": "Sonali Thakur"
        }
      ],
      "bounding_box": {
        "h": 71.94,
        "w": 58.56,
        "x": 2740.82,
        "y": 1842.02
      },
      "id": "c5d4f5eb-3bd8-4a15-aab9-866839defd52",
      "name": "thrips_mature",
      "reviewers": [
        {
          "email": "labeler748@cogitotech.in",
          "full_name": "Sonali Thakur"
        }
      ],
      "slot_names": [
        "0"
      ],
      "updated_at": "2023-06-07T10:12:19"
    },
    {
      "annotators": [
        {
          "email": "labeler748@cogitotech.in",
          "full_name": "Sonali Thakur"
        }
      ],
      "bounding_box": {
        "h": 84.49,
        "w": 58.56,
        "x": 3122.29,
        "y": 2285.39
      },
      "id": "1ecc6925-b32f-4c66-ac0d-1fb0d9c6ded4",
      "name": "thrips_mature",
      "reviewers": [
        {
          "email": "labeler748@cogitotech.in",
          "full_name": "Sonali Thakur"
        }
      ],
      "slot_names": [
        "0"
      ],
      "updated_at": "2023-06-07T10:12:27"
    }
  ]
}