{
  "version": "2.0",
  "schema_ref": "https://darwin-public.s3.eu-west-1.amazonaws.com/darwin_json_2_0.schema.json",
  "item": {
    "name": "DSC00686.JPG",
    "path": "/",
    "source_info": {
      "dataset": {
        "name": "flower-thrips-20230525",
        "slug": "flower-thrips-20230525",
        "dataset_management_url": "https://darwin.v7labs.com/datasets/646662/dataset-management"
      },
      "item_id": "0188537f-8af5-fd10-b1fe-8af8847a62f8",
      "team": {
        "name": "ZordiML",
        "slug": "zordiml"
      },
      "workview_url": "https://darwin.v7labs.com/workview?dataset=646662&item=0188537f-8af5-fd10-b1fe-8af8847a62f8"
    },
    "slots": [
      {
        "type": "image",
        "slot_name": "0",
        "width": 6000,
        "height": 4000,
        "thumbnail_url": "https://darwin.v7labs.com/api/v2/teams/zordiml/files/6068663a-849e-44aa-8fae-a8a806b8812c/thumbnail",
        "source_files": [
          {
            "file_name": "DSC00686.JPG",
            "url": "https://darwin.v7labs.com/api/v2/teams/zordiml/uploads/8f574e5d-f0fd-4488-8efd-653d82bf6798"
          }
        ]
      }
    ]
  },
  "annotations": []
}