{
  "version": "2.0",
  "schema_ref": "https://darwin-public.s3.eu-west-1.amazonaws.com/darwin_json_2_0.schema.json",
  "item": {
    "name": "DSC00692.JPG",
    "path": "/",
    "source_info": {
      "dataset": {
        "name": "flower-thrips-20230525",
        "slug": "flower-thrips-20230525",
        "dataset_management_url": "https://darwin.v7labs.com/datasets/646662/dataset-management"
      },
      "item_id": "0188537f-8af4-d2a9-a0a3-3c1918636825",
      "team": {
        "name": "ZordiML",
        "slug": "zordiml"
      },
      "workview_url": "https://darwin.v7labs.com/workview?dataset=646662&item=0188537f-8af4-d2a9-a0a3-3c1918636825"
    },
    "slots": [
      {
        "type": "image",
        "slot_name": "0",
        "width": 6000,
        "height": 4000,
        "thumbnail_url": "https://darwin.v7labs.com/api/v2/teams/zordiml/files/6254430d-27ed-42d5-a4b2-0eaf566422b4/thumbnail",
        "source_files": [
          {
            "file_name": "DSC00692.JPG",
            "url": "https://darwin.v7labs.com/api/v2/teams/zordiml/uploads/3fcaadc1-1b8b-44ea-9214-e315de2e34d0"
          }
        ]
      }
    ]
  },
  "annotations": []
}