{
  "version": "2.0",
  "schema_ref": "https://darwin-public.s3.eu-west-1.amazonaws.com/darwin_json_2_0.schema.json",
  "item": {
    "name": "DSC00681.JPG",
    "path": "/",
    "source_info": {
      "dataset": {
        "name": "flower-thrips-20230525",
        "slug": "flower-thrips-20230525",
        "dataset_management_url": "https://darwin.v7labs.com/datasets/646662/dataset-management"
      },
      "item_id": "0188537f-8af5-18b5-b726-73940c52d88e",
      "team": {
        "name": "ZordiML",
        "slug": "zordiml"
      },
      "workview_url": "https://darwin.v7labs.com/workview?dataset=646662&item=0188537f-8af5-18b5-b726-73940c52d88e"
    },
    "slots": [
      {
        "type": "image",
        "slot_name": "0",
        "width": 6000,
        "height": 4000,
        "thumbnail_url": "https://darwin.v7labs.com/api/v2/teams/zordiml/files/22ae2dc5-1fee-4965-8f42-65ac90a87e58/thumbnail",
        "source_files": [
          {
            "file_name": "DSC00681.JPG",
            "url": "https://darwin.v7labs.com/api/v2/teams/zordiml/uploads/10c56833-8fd2-4dec-aba8-d21ae123288a"
          }
        ]
      }
    ]
  },
  "annotations": []
}