{
  "version": "2.0",
  "schema_ref": "https://darwin-public.s3.eu-west-1.amazonaws.com/darwin_json_2_0.schema.json",
  "item": {
    "name": "DSC00926.JPG",
    "path": "/",
    "source_info": {
      "dataset": {
        "name": "flower-thrips-20230525",
        "slug": "flower-thrips-20230525",
        "dataset_management_url": "https://darwin.v7labs.com/datasets/646662/dataset-management"
      },
      "item_id": "0188537f-8aeb-8e55-91f7-a82f910be71f",
      "team": {
        "name": "ZordiML",
        "slug": "zordiml"
      },
      "workview_url": "https://darwin.v7labs.com/workview?dataset=646662&item=0188537f-8aeb-8e55-91f7-a82f910be71f"
    },
    "slots": [
      {
        "type": "image",
        "slot_name": "0",
        "width": 6000,
        "height": 4000,
        "thumbnail_url": "https://darwin.v7labs.com/api/v2/teams/zordiml/files/525566b9-a88e-4d81-9119-649af2be2401/thumbnail",
        "source_files": [
          {
            "file_name": "DSC00926.JPG",
            "url": "https://darwin.v7labs.com/api/v2/teams/zordiml/uploads/ec0a6172-6fa9-45df-867e-705c9228d7e5"
          }
        ]
      }
    ]
  },
  "annotations": []
}