{
  "version": "2.0",
  "schema_ref": "https://darwin-public.s3.eu-west-1.amazonaws.com/darwin_json_2_0.schema.json",
  "item": {
    "name": "DSC00921.JPG",
    "path": "/",
    "source_info": {
      "dataset": {
        "name": "flower-thrips-20230525",
        "slug": "flower-thrips-20230525",
        "dataset_management_url": "https://darwin.v7labs.com/datasets/646662/dataset-management"
      },
      "item_id": "0188537f-8aeb-b944-da59-e135f3c52b1e",
      "team": {
        "name": "ZordiML",
        "slug": "zordiml"
      },
      "workview_url": "https://darwin.v7labs.com/workview?dataset=646662&item=0188537f-8aeb-b944-da59-e135f3c52b1e"
    },
    "slots": [
      {
        "type": "image",
        "slot_name": "0",
        "width": 6000,
        "height": 4000,
        "thumbnail_url": "https://darwin.v7labs.com/api/v2/teams/zordiml/files/484213f5-b4d4-40ff-85ab-ea294af0a52f/thumbnail",
        "source_files": [
          {
            "file_name": "DSC00921.JPG",
            "url": "https://darwin.v7labs.com/api/v2/teams/zordiml/uploads/e51c1dc3-428f-46d9-98ea-d9694e89fedb"
          }
        ]
      }
    ]
  },
  "annotations": [
    {
      "annotators": [
        {
          "email": "labeler701@cogitotech.in",
          "full_name": "Moni Sharma"
        }
      ],
      "bounding_box": {
        "h": 58.68,
        "w": 44.6,
        "x": 3199.42,
        "y": 2754.71
      },
      "id": "cf6cb697-6e71-4e3c-b0ed-10a389b865d5",
      "name": "thrips_mature",
      "reviewers": [
        {
          "email": "labeler748@cogitotech.in",
          "full_name": "Sonali Thakur"
        }
      ],
      "slot_names": [
        "0"
      ],
      "updated_at": "2023-06-06T05:34:48"
    },
    {
      "annotators": [
        {
          "email": "labeler701@cogitotech.in",
          "full_name": "Moni Sharma"
        }
      ],
      "bounding_box": {
        "h": 45.02,
        "w": 123.41,
        "x": 3316.48,
        "y": 2133.12
      },
      "id": "87acb30b-533d-465e-86e8-669b7a9ddf90",
      "name": "thrips_mature",
      "reviewers": [
        {
          "email": "labeler748@cogitotech.in",
          "full_name": "Sonali Thakur"
        }
      ],
      "slot_names": [
        "0"
      ],
      "updated_at": "2023-06-06T05:34:59"
    },
    {
      "annotators": [
        {
          "email": "labeler701@cogitotech.in",
          "full_name": "Moni Sharma"
        }
      ],
      "bounding_box": {
        "h": 52.78,
        "w": 166.1,
        "x": 2890.36,
        "y": 2430.39
      },
      "id": "8033430d-0fa2-4668-977c-b65f6e0efdea",
      "name": "thrips_mature",
      "reviewers": [
        {
          "email": "labeler748@cogitotech.in",
          "full_name": "Sonali Thakur"
        }
      ],
      "slot_names": [
        "0"
      ],
      "updated_at": "2023-06-06T05:35:04"
    },
    {
      "annotators": [
        {
          "email": "labeler701@cogitotech.in",
          "full_name": "Moni Sharma"
        }
      ],
      "bounding_box": {
        "h": 74.58,
        "w": 79.2,
        "x": 2740.14,
        "y": 2376.76
      },
      "id": "71a62488-ff3b-4f57-9c12-d4082dd7a828",
      "name": "thrips_young",
      "reviewers": [
        {
          "email": "labeler748@cogitotech.in",
          "full_name": "Sonali Thakur"
        }
      ],
      "slot_names": [
        "0"
      ],
      "updated_at": "2023-06-06T05:35:20"
    },
    {
      "annotators": [
        {
          "email": "labeler701@cogitotech.in",
          "full_name": "Moni Sharma"
        }
      ],
      "bounding_box": {
        "h": 44.9,
        "w": 40.97,
        "x": 2705.56,
        "y": 2034.09
      },
      "id": "5e26c92b-6309-4325-b4c9-875a819c035b",
      "name": "thrips_young",
      "reviewers": [
        {
          "email": "labeler748@cogitotech.in",
          "full_name": "Sonali Thakur"
        }
      ],
      "slot_names": [
        "0"
      ],
      "updated_at": "2023-06-06T05:35:31"
    },
    {
      "annotators": [
        {
          "email": "labeler701@cogitotech.in",
          "full_name": "Moni Sharma"
        }
      ],
      "bounding_box": {
        "h": 165.01,
        "w": 74.63,
        "x": 2949.79,
        "y": 1350.73
      },
      "id": "e95ce2a4-5261-4cb7-b8c0-103bb4290870",
      "name": "thrips_mature",
      "reviewers": [
        {
          "email": "labeler748@cogitotech.in",
          "full_name": "Sonali Thakur"
        }
      ],
      "slot_names": [
        "0"
      ],
      "updated_at": "2023-06-06T05:36:11"
    }
  ]
}