{
  "version": "2.0",
  "schema_ref": "https://darwin-public.s3.eu-west-1.amazonaws.com/darwin_json_2_0.schema.json",
  "item": {
    "name": "DSC00691.JPG",
    "path": "/",
    "source_info": {
      "dataset": {
        "name": "flower-thrips-20230525",
        "slug": "flower-thrips-20230525",
        "dataset_management_url": "https://darwin.v7labs.com/datasets/646662/dataset-management"
      },
      "item_id": "0188537f-8af4-f020-f886-435a24eea996",
      "team": {
        "name": "ZordiML",
        "slug": "zordiml"
      },
      "workview_url": "https://darwin.v7labs.com/workview?dataset=646662&item=0188537f-8af4-f020-f886-435a24eea996"
    },
    "slots": [
      {
        "type": "image",
        "slot_name": "0",
        "width": 6000,
        "height": 4000,
        "thumbnail_url": "https://darwin.v7labs.com/api/v2/teams/zordiml/files/8f567456-0835-4a8c-a0b8-2f1e2af96e34/thumbnail",
        "source_files": [
          {
            "file_name": "DSC00691.JPG",
            "url": "https://darwin.v7labs.com/api/v2/teams/zordiml/uploads/507e1125-0d57-45a8-a724-f5488cd2b095"
          }
        ]
      }
    ]
  },
  "annotations": []
}