{
  "version": "2.0",
  "schema_ref": "https://darwin-public.s3.eu-west-1.amazonaws.com/darwin_json_2_0.schema.json",
  "item": {
    "name": "DSC00676.JPG",
    "path": "/",
    "source_info": {
      "dataset": {
        "name": "flower-thrips-20230525",
        "slug": "flower-thrips-20230525",
        "dataset_management_url": "https://darwin.v7labs.com/datasets/646662/dataset-management"
      },
      "item_id": "0188537f-8af5-972d-6868-2a2f45f92a6a",
      "team": {
        "name": "ZordiML",
        "slug": "zordiml"
      },
      "workview_url": "https://darwin.v7labs.com/workview?dataset=646662&item=0188537f-8af5-972d-6868-2a2f45f92a6a"
    },
    "slots": [
      {
        "type": "image",
        "slot_name": "0",
        "width": 6000,
        "height": 4000,
        "thumbnail_url": "https://darwin.v7labs.com/api/v2/teams/zordiml/files/a94655d2-74c5-4040-b2d5-7d52bbcfc242/thumbnail",
        "source_files": [
          {
            "file_name": "DSC00676.JPG",
            "url": "https://darwin.v7labs.com/api/v2/teams/zordiml/uploads/d48826ce-fc50-48a6-bb9f-71c32912ffd5"
          }
        ]
      }
    ]
  },
  "annotations": []
}