{
  "version": "2.0",
  "schema_ref": "https://darwin-public.s3.eu-west-1.amazonaws.com/darwin_json_2_0.schema.json",
  "item": {
    "name": "DSC00721.JPG",
    "path": "/",
    "source_info": {
      "dataset": {
        "name": "flower-thrips-20230525",
        "slug": "flower-thrips-20230525",
        "dataset_management_url": "https://darwin.v7labs.com/datasets/646662/dataset-management"
      },
      "item_id": "0188537f-8af2-8b0a-3730-6d949c8f452a",
      "team": {
        "name": "ZordiML",
        "slug": "zordiml"
      },
      "workview_url": "https://darwin.v7labs.com/workview?dataset=646662&item=0188537f-8af2-8b0a-3730-6d949c8f452a"
    },
    "slots": [
      {
        "type": "image",
        "slot_name": "0",
        "width": 6000,
        "height": 4000,
        "thumbnail_url": "https://darwin.v7labs.com/api/v2/teams/zordiml/files/d521192b-8ffe-4729-a21f-58724827263d/thumbnail",
        "source_files": [
          {
            "file_name": "DSC00721.JPG",
            "url": "https://darwin.v7labs.com/api/v2/teams/zordiml/uploads/d17e7c78-7f5a-4173-84bd-c6b3d9637910"
          }
        ]
      }
    ]
  },
  "annotations": [
    {
      "annotators": [
        {
          "email": "youngsun@zordi.com",
          "full_name": "Youngsun Kim"
        }
      ],
      "bounding_box": {
        "h": 36.12,
        "w": 40.37,
        "x": 3413.63,
        "y": 1844.34
      },
      "id": "2be3be54-72a6-4290-8ede-976328b2b710",
      "name": "other_insect",
      "reviewers": [
        {
          "email": "youngsun@zordi.com",
          "full_name": "Youngsun Kim"
        }
      ],
      "slot_names": [
        "0"
      ],
      "updated_at": "2023-06-06T20:27:45"
    }
  ]
}