{
  "version": "2.0",
  "schema_ref": "https://darwin-public.s3.eu-west-1.amazonaws.com/darwin_json_2_0.schema.json",
  "item": {
    "name": "DSC00644.JPG",
    "path": "/",
    "source_info": {
      "dataset": {
        "name": "flower-thrips-20230525",
        "slug": "flower-thrips-20230525",
        "dataset_management_url": "https://darwin.v7labs.com/datasets/646662/dataset-management"
      },
      "item_id": "0188537f-8af7-6c73-14b1-c07964a1c132",
      "team": {
        "name": "ZordiML",
        "slug": "zordiml"
      },
      "workview_url": "https://darwin.v7labs.com/workview?dataset=646662&item=0188537f-8af7-6c73-14b1-c07964a1c132"
    },
    "slots": [
      {
        "type": "image",
        "slot_name": "0",
        "width": 6000,
        "height": 4000,
        "thumbnail_url": "https://darwin.v7labs.com/api/v2/teams/zordiml/files/a092255a-b2c2-4e28-a947-c56d438c34c4/thumbnail",
        "source_files": [
          {
            "file_name": "DSC00644.JPG",
            "url": "https://darwin.v7labs.com/api/v2/teams/zordiml/uploads/302f3353-c6e8-4235-a7c6-a7eda6bd4e3c"
          }
        ]
      }
    ]
  },
  "annotations": []
}