{
  "version": "2.0",
  "schema_ref": "https://darwin-public.s3.eu-west-1.amazonaws.com/darwin_json_2_0.schema.json",
  "item": {
    "name": "DSC00936.JPG",
    "path": "/",
    "source_info": {
      "dataset": {
        "name": "flower-thrips-20230525",
        "slug": "flower-thrips-20230525",
        "dataset_management_url": "https://darwin.v7labs.com/datasets/646662/dataset-management"
      },
      "item_id": "0188537f-8aea-758d-0f19-9bf5101fc8c8",
      "team": {
        "name": "ZordiML",
        "slug": "zordiml"
      },
      "workview_url": "https://darwin.v7labs.com/workview?dataset=646662&item=0188537f-8aea-758d-0f19-9bf5101fc8c8"
    },
    "slots": [
      {
        "type": "image",
        "slot_name": "0",
        "width": 6000,
        "height": 4000,
        "thumbnail_url": "https://darwin.v7labs.com/api/v2/teams/zordiml/files/44cc8d7d-9fc6-4513-84ba-93bacf051f17/thumbnail",
        "source_files": [
          {
            "file_name": "DSC00936.JPG",
            "url": "https://darwin.v7labs.com/api/v2/teams/zordiml/uploads/700d38fe-85cb-47c9-91f9-03fe2094c3da"
          }
        ]
      }
    ]
  },
  "annotations": []
}