{
  "version": "2.0",
  "schema_ref": "https://darwin-public.s3.eu-west-1.amazonaws.com/darwin_json_2_0.schema.json",
  "item": {
    "name": "DSC00633.JPG",
    "path": "/",
    "source_info": {
      "dataset": {
        "name": "flower-thrips-20230525",
        "slug": "flower-thrips-20230525",
        "dataset_management_url": "https://darwin.v7labs.com/datasets/646662/dataset-management"
      },
      "item_id": "0188537f-8af7-c04e-ee1b-43f059250cd9",
      "team": {
        "name": "ZordiML",
        "slug": "zordiml"
      },
      "workview_url": "https://darwin.v7labs.com/workview?dataset=646662&item=0188537f-8af7-c04e-ee1b-43f059250cd9"
    },
    "slots": [
      {
        "type": "image",
        "slot_name": "0",
        "width": 6000,
        "height": 4000,
        "thumbnail_url": "https://darwin.v7labs.com/api/v2/teams/zordiml/files/b5fb1b05-8f5c-472a-a469-54fc776c4e34/thumbnail",
        "source_files": [
          {
            "file_name": "DSC00633.JPG",
            "url": "https://darwin.v7labs.com/api/v2/teams/zordiml/uploads/f59c31de-1c33-4233-9543-6d3da05d9010"
          }
        ]
      }
    ]
  },
  "annotations": []
}