{
  "version": "2.0",
  "schema_ref": "https://darwin-public.s3.eu-west-1.amazonaws.com/darwin_json_2_0.schema.json",
  "item": {
    "name": "DSC00757.JPG",
    "path": "/",
    "source_info": {
      "dataset": {
        "name": "flower-thrips-20230525",
        "slug": "flower-thrips-20230525",
        "dataset_management_url": "https://darwin.v7labs.com/datasets/646662/dataset-management"
      },
      "item_id": "0188537f-8af1-288d-9dfd-6d91dad9cf92",
      "team": {
        "name": "ZordiML",
        "slug": "zordiml"
      },
      "workview_url": "https://darwin.v7labs.com/workview?dataset=646662&item=0188537f-8af1-288d-9dfd-6d91dad9cf92"
    },
    "slots": [
      {
        "type": "image",
        "slot_name": "0",
        "width": 6000,
        "height": 4000,
        "thumbnail_url": "https://darwin.v7labs.com/api/v2/teams/zordiml/files/a7e6930a-f1cc-424c-b13c-0fabc2fe7c06/thumbnail",
        "source_files": [
          {
            "file_name": "DSC00757.JPG",
            "url": "https://darwin.v7labs.com/api/v2/teams/zordiml/uploads/c7a6fee4-a30b-4413-b53c-31605f4e3206"
          }
        ]
      }
    ]
  },
  "annotations": []
}