{
  "version": "2.0",
  "schema_ref": "https://darwin-public.s3.eu-west-1.amazonaws.com/darwin_json_2_0.schema.json",
  "item": {
    "name": "DSC00883.JPG",
    "path": "/",
    "source_info": {
      "dataset": {
        "name": "flower-thrips-20230525",
        "slug": "flower-thrips-20230525",
        "dataset_management_url": "https://darwin.v7labs.com/datasets/646662/dataset-management"
      },
      "item_id": "0188537f-8aec-635c-098b-2b99e04c2c54",
      "team": {
        "name": "ZordiML",
        "slug": "zordiml"
      },
      "workview_url": "https://darwin.v7labs.com/workview?dataset=646662&item=0188537f-8aec-635c-098b-2b99e04c2c54"
    },
    "slots": [
      {
        "type": "image",
        "slot_name": "0",
        "width": 6000,
        "height": 4000,
        "thumbnail_url": "https://darwin.v7labs.com/api/v2/teams/zordiml/files/76b19677-aed3-4f68-ba21-5cca4051d14b/thumbnail",
        "source_files": [
          {
            "file_name": "DSC00883.JPG",
            "url": "https://darwin.v7labs.com/api/v2/teams/zordiml/uploads/ad35f864-8ea2-484c-aafd-8b1976685d9a"
          }
        ]
      }
    ]
  },
  "annotations": []
}