{
  "version": "2.0",
  "schema_ref": "https://darwin-public.s3.eu-west-1.amazonaws.com/darwin_json_2_0.schema.json",
  "item": {
    "name": "DSC00766.JPG",
    "path": "/",
    "source_info": {
      "dataset": {
        "name": "flower-thrips-20230525",
        "slug": "flower-thrips-20230525",
        "dataset_management_url": "https://darwin.v7labs.com/datasets/646662/dataset-management"
      },
      "item_id": "0188537f-8af1-1246-2bf2-45d5c2f420d1",
      "team": {
        "name": "ZordiML",
        "slug": "zordiml"
      },
      "workview_url": "https://darwin.v7labs.com/workview?dataset=646662&item=0188537f-8af1-1246-2bf2-45d5c2f420d1"
    },
    "slots": [
      {
        "type": "image",
        "slot_name": "0",
        "width": 4000,
        "height": 6000,
        "thumbnail_url": "https://darwin.v7labs.com/api/v2/teams/zordiml/files/7299075e-1dff-4a4d-aabb-4d4d2723d988/thumbnail",
        "source_files": [
          {
            "file_name": "DSC00766.JPG",
            "url": "https://darwin.v7labs.com/api/v2/teams/zordiml/uploads/e3be095b-e405-4b94-b2ec-cbc5650c0acc"
          }
        ]
      }
    ]
  },
  "annotations": [
    {
      "annotators": [
        {
          "email": "labeler706@cogitotech.in",
          "full_name": "Shayena Hashmi"
        }
      ],
      "bounding_box": {
        "h": 116.36,
        "w": 88.79,
        "x": 1742.6,
        "y": 2778.57
      },
      "id": "8b85a22a-6a88-4e43-adbc-bc84d6694960",
      "name": "thrips_mature",
      "reviewers": [
        {
          "email": "labeler748@cogitotech.in",
          "full_name": "Sonali Thakur"
        }
      ],
      "slot_names": [
        "0"
      ],
      "updated_at": "2023-06-06T04:31:40"
    },
    {
      "annotators": [
        {
          "email": "labeler706@cogitotech.in",
          "full_name": "Shayena Hashmi"
        }
      ],
      "bounding_box": {
        "h": 65.56,
        "w": 82.67,
        "x": 1664.41,
        "y": 3381.67
      },
      "id": "3fc348de-a23e-4b14-955b-c24fdc11960a",
      "name": "thrips_mature",
      "reviewers": [
        {
          "email": "labeler748@cogitotech.in",
          "full_name": "Sonali Thakur"
        }
      ],
      "slot_names": [
        "0"
      ],
      "updated_at": "2023-06-06T04:31:54"
    },
    {
      "annotators": [
        {
          "email": "labeler748@cogitotech.in",
          "full_name": "Sonali Thakur"
        }
      ],
      "bounding_box": {
        "h": 79.47,
        "w": 43.47,
        "x": 1751.96,
        "y": 2691.41
      },
      "id": "0fdbb9f0-8755-4d06-a31f-aeef28432064",
      "name": "thrips_mature",
      "reviewers": [
        {
          "email": "labeler748@cogitotech.in",
          "full_name": "Sonali Thakur"
        }
      ],
      "slot_names": [
        "0"
      ],
      "updated_at": "2023-06-06T11:22:37"
    },
    {
      "annotators": [
        {
          "email": "labeler748@cogitotech.in",
          "full_name": "Sonali Thakur"
        }
      ],
      "bounding_box": {
        "h": 94.41,
        "w": 38.72,
        "x": 1720.04,
        "y": 3032.37
      },
      "id": "0f5ecc35-08d8-48e7-b8aa-43663279eaab",
      "name": "thrips_mature",
      "reviewers": [
        {
          "email": "labeler748@cogitotech.in",
          "full_name": "Sonali Thakur"
        }
      ],
      "slot_names": [
        "0"
      ],
      "updated_at": "2023-06-06T11:22:43"
    },
    {
      "annotators": [
        {
          "email": "labeler748@cogitotech.in",
          "full_name": "Sonali Thakur"
        }
      ],
      "bounding_box": {
        "h": 63.88,
        "w": 25.88,
        "x": 1694.65,
        "y": 2999.93
      },
      "id": "dac52bdf-686f-4f86-962a-6d154016d851",
      "name": "thrips_mature",
      "reviewers": [
        {
          "email": "labeler748@cogitotech.in",
          "full_name": "Sonali Thakur"
        }
      ],
      "slot_names": [
        "0"
      ],
      "updated_at": "2023-06-06T11:22:53"
    },
    {
      "annotators": [
        {
          "email": "labeler748@cogitotech.in",
          "full_name": "Sonali Thakur"
        }
      ],
      "bounding_box": {
        "h": 75.63,
        "w": 62.86,
        "x": 2218.08,
        "y": 2977.82
      },
      "id": "6e9c62d8-5584-44c3-9e0e-a9103e48030c",
      "name": "thrips_mature",
      "reviewers": [
        {
          "email": "labeler748@cogitotech.in",
          "full_name": "Sonali Thakur"
        }
      ],
      "slot_names": [
        "0"
      ],
      "updated_at": "2023-06-06T11:23:04"
    },
    {
      "annotators": [
        {
          "email": "labeler748@cogitotech.in",
          "full_name": "Sonali Thakur"
        }
      ],
      "bounding_box": {
        "h": 57.88,
        "w": 57.04,
        "x": 1630.31,
        "y": 3113.49
      },
      "id": "de9ce675-99f2-40f4-952c-af11f6750dcb",
      "name": "thrips_young",
      "reviewers": [
        {
          "email": "labeler748@cogitotech.in",
          "full_name": "Sonali Thakur"
        }
      ],
      "slot_names": [
        "0"
      ],
      "updated_at": "2023-06-06T11:23:25"
    },
    {
      "annotators": [
        {
          "email": "labeler748@cogitotech.in",
          "full_name": "Sonali Thakur"
        }
      ],
      "bounding_box": {
        "h": 32.71,
        "w": 74.66,
        "x": 1651.28,
        "y": 3171.37
      },
      "id": "f8bc8411-6144-491b-81f7-11a1c558ca4d",
      "name": "thrips_young",
      "reviewers": [
        {
          "email": "labeler748@cogitotech.in",
          "full_name": "Sonali Thakur"
        }
      ],
      "slot_names": [
        "0"
      ],
      "updated_at": "2023-06-06T11:23:27"
    },
    {
      "annotators": [
        {
          "email": "labeler748@cogitotech.in",
          "full_name": "Sonali Thakur"
        }
      ],
      "bounding_box": {
        "h": 34.4,
        "w": 26.75,
        "x": 2254.11,
        "y": 3006.26
      },
      "id": "3d8f54ca-08c8-4d05-a76a-ed505a25e579",
      "name": "thrips_young",
      "reviewers": [
        {
          "email": "labeler748@cogitotech.in",
          "full_name": "Sonali Thakur"
        }
      ],
      "slot_names": [
        "0"
      ],
      "updated_at": "2023-06-07T05:55:08"
    }
  ]
}