{
  "version": "2.0",
  "schema_ref": "https://darwin-public.s3.eu-west-1.amazonaws.com/darwin_json_2_0.schema.json",
  "item": {
    "name": "DSC00902.JPG",
    "path": "/",
    "source_info": {
      "dataset": {
        "name": "flower-thrips-20230525",
        "slug": "flower-thrips-20230525",
        "dataset_management_url": "https://darwin.v7labs.com/datasets/646662/dataset-management"
      },
      "item_id": "0188537f-8aeb-87c7-b33b-b34d51b820fc",
      "team": {
        "name": "ZordiML",
        "slug": "zordiml"
      },
      "workview_url": "https://darwin.v7labs.com/workview?dataset=646662&item=0188537f-8aeb-87c7-b33b-b34d51b820fc"
    },
    "slots": [
      {
        "type": "image",
        "slot_name": "0",
        "width": 6000,
        "height": 4000,
        "thumbnail_url": "https://darwin.v7labs.com/api/v2/teams/zordiml/files/aeee28f2-6910-4d6e-996e-92704db99d5a/thumbnail",
        "source_files": [
          {
            "file_name": "DSC00902.JPG",
            "url": "https://darwin.v7labs.com/api/v2/teams/zordiml/uploads/6b617c55-a8f8-4f19-8600-3bf0e21242ba"
          }
        ]
      }
    ]
  },
  "annotations": []
}