{
  "version": "2.0",
  "schema_ref": "https://darwin-public.s3.eu-west-1.amazonaws.com/darwin_json_2_0.schema.json",
  "item": {
    "name": "DSC00890.JPG",
    "path": "/",
    "source_info": {
      "dataset": {
        "name": "flower-thrips-20230525",
        "slug": "flower-thrips-20230525",
        "dataset_management_url": "https://darwin.v7labs.com/datasets/646662/dataset-management"
      },
      "item_id": "0188537f-8aec-6982-9e66-7d2fe43a85c9",
      "team": {
        "name": "ZordiML",
        "slug": "zordiml"
      },
      "workview_url": "https://darwin.v7labs.com/workview?dataset=646662&item=0188537f-8aec-6982-9e66-7d2fe43a85c9"
    },
    "slots": [
      {
        "type": "image",
        "slot_name": "0",
        "width": 6000,
        "height": 4000,
        "thumbnail_url": "https://darwin.v7labs.com/api/v2/teams/zordiml/files/aa6fba40-6996-449e-8021-6b4d018e51af/thumbnail",
        "source_files": [
          {
            "file_name": "DSC00890.JPG",
            "url": "https://darwin.v7labs.com/api/v2/teams/zordiml/uploads/3d735a63-3a91-4b7f-b1bc-6a4308ac0860"
          }
        ]
      }
    ]
  },
  "annotations": [
    {
      "annotators": [
        {
          "email": "labeler701@cogitotech.in",
          "full_name": "Moni Sharma"
        }
      ],
      "bounding_box": {
        "h": 79.17,
        "w": 69.86,
        "x": 3038.03,
        "y": 1776.56
      },
      "id": "7734d19d-43d1-449e-bcf2-fb380939a057",
      "name": "thrips_young",
      "reviewers": [
        {
          "email": "labeler748@cogitotech.in",
          "full_name": "Sonali Thakur"
        }
      ],
      "slot_names": [
        "0"
      ],
      "updated_at": "2023-06-06T05:05:14"
    }
  ]
}