{
  "version": "2.0",
  "schema_ref": "https://darwin-public.s3.eu-west-1.amazonaws.com/darwin_json_2_0.schema.json",
  "item": {
    "name": "DSC00920.JPG",
    "path": "/",
    "source_info": {
      "dataset": {
        "name": "flower-thrips-20230525",
        "slug": "flower-thrips-20230525",
        "dataset_management_url": "https://darwin.v7labs.com/datasets/646662/dataset-management"
      },
      "item_id": "0188537f-8aeb-50a7-beec-c67ca0d723a8",
      "team": {
        "name": "ZordiML",
        "slug": "zordiml"
      },
      "workview_url": "https://darwin.v7labs.com/workview?dataset=646662&item=0188537f-8aeb-50a7-beec-c67ca0d723a8"
    },
    "slots": [
      {
        "type": "image",
        "slot_name": "0",
        "width": 6000,
        "height": 4000,
        "thumbnail_url": "https://darwin.v7labs.com/api/v2/teams/zordiml/files/88a7d072-ac4e-4b5c-9968-8237db657f56/thumbnail",
        "source_files": [
          {
            "file_name": "DSC00920.JPG",
            "url": "https://darwin.v7labs.com/api/v2/teams/zordiml/uploads/a546f9ba-f64a-4de8-a74c-1266e707b588"
          }
        ]
      }
    ]
  },
  "annotations": [
    {
      "annotators": [
        {
          "email": "labeler701@cogitotech.in",
          "full_name": "Moni Sharma"
        }
      ],
      "bounding_box": {
        "h": 29.28,
        "w": 43.44,
        "x": 3258.5,
        "y": 2006.62
      },
      "id": "cb0defe7-74a2-4653-8cd7-9acb42e3cede",
      "name": "thrips_young",
      "reviewers": [
        {
          "email": "labeler748@cogitotech.in",
          "full_name": "Sonali Thakur"
        }
      ],
      "slot_names": [
        "0"
      ],
      "updated_at": "2023-06-06T05:58:06"
    },
    {
      "annotators": [
        {
          "email": "labeler701@cogitotech.in",
          "full_name": "Moni Sharma"
        }
      ],
      "bounding_box": {
        "h": 47.42,
        "w": 29.72,
        "x": 2811.25,
        "y": 2269.84
      },
      "id": "2b8b0879-7e35-4d10-978a-ecaff62c0477",
      "name": "thrips_young",
      "reviewers": [
        {
          "email": "labeler748@cogitotech.in",
          "full_name": "Sonali Thakur"
        }
      ],
      "slot_names": [
        "0"
      ],
      "updated_at": "2023-06-06T05:58:15"
    },
    {
      "annotators": [
        {
          "email": "labeler701@cogitotech.in",
          "full_name": "Moni Sharma"
        }
      ],
      "bounding_box": {
        "h": 88.77,
        "w": 47.22,
        "x": 2834.42,
        "y": 1943.05
      },
      "id": "0b364853-0dab-4b33-a65a-c2903c446313",
      "name": "thrips_mature",
      "reviewers": [
        {
          "email": "labeler748@cogitotech.in",
          "full_name": "Sonali Thakur"
        }
      ],
      "slot_names": [
        "0"
      ],
      "updated_at": "2023-06-06T05:58:58"
    },
    {
      "annotators": [
        {
          "email": "labeler701@cogitotech.in",
          "full_name": "Moni Sharma"
        }
      ],
      "bounding_box": {
        "h": 57.36,
        "w": 46.53,
        "x": 2747.08,
        "y": 2091.1
      },
      "id": "d77eeb88-f761-4171-be91-6047dfa3b698",
      "name": "thrips_young",
      "reviewers": [
        {
          "email": "labeler748@cogitotech.in",
          "full_name": "Sonali Thakur"
        }
      ],
      "slot_names": [
        "0"
      ],
      "updated_at": "2023-06-06T05:59:05"
    }
  ]
}