{
  "version": "2.0",
  "schema_ref": "https://darwin-public.s3.eu-west-1.amazonaws.com/darwin_json_2_0.schema.json",
  "item": {
    "name": "DSC00713.JPG",
    "path": "/",
    "source_info": {
      "dataset": {
        "name": "flower-thrips-20230525",
        "slug": "flower-thrips-20230525",
        "dataset_management_url": "https://darwin.v7labs.com/datasets/646662/dataset-management"
      },
      "item_id": "0188537f-8af3-2b6c-6976-e5d81866561c",
      "team": {
        "name": "ZordiML",
        "slug": "zordiml"
      },
      "workview_url": "https://darwin.v7labs.com/workview?dataset=646662&item=0188537f-8af3-2b6c-6976-e5d81866561c"
    },
    "slots": [
      {
        "type": "image",
        "slot_name": "0",
        "width": 6000,
        "height": 4000,
        "thumbnail_url": "https://darwin.v7labs.com/api/v2/teams/zordiml/files/1317fa88-c635-458a-9853-09daf65aa66f/thumbnail",
        "source_files": [
          {
            "file_name": "DSC00713.JPG",
            "url": "https://darwin.v7labs.com/api/v2/teams/zordiml/uploads/f4d52320-c204-4970-bd6b-2668620be59f"
          }
        ]
      }
    ]
  },
  "annotations": [
    {
      "annotators": [
        {
          "email": "labeler701@cogitotech.in",
          "full_name": "Moni Sharma"
        }
      ],
      "bounding_box": {
        "h": 30.84,
        "w": 37.07,
        "x": 2756.51,
        "y": 2008.66
      },
      "id": "7d3d5679-3160-49a2-a923-c2b8e32cc4d3",
      "name": "thrips_mature",
      "reviewers": [
        {
          "email": "labeler748@cogitotech.in",
          "full_name": "Sonali Thakur"
        },
        {
          "email": "youngsun@zordi.com",
          "full_name": "Youngsun Kim"
        }
      ],
      "slot_names": [
        "0"
      ],
      "updated_at": "2023-06-05T12:20:41"
    },
    {
      "annotators": [
        {
          "email": "labeler701@cogitotech.in",
          "full_name": "Moni Sharma"
        }
      ],
      "bounding_box": {
        "h": 58.26,
        "w": 72.28,
        "x": 2748.72,
        "y": 1869.4
      },
      "id": "51385df6-ffcc-4ed0-ab9a-191ed0584e29",
      "name": "thrips_mature",
      "reviewers": [
        {
          "email": "labeler748@cogitotech.in",
          "full_name": "Sonali Thakur"
        },
        {
          "email": "youngsun@zordi.com",
          "full_name": "Youngsun Kim"
        }
      ],
      "slot_names": [
        "0"
      ],
      "updated_at": "2023-06-05T12:20:44"
    },
    {
      "annotators": [
        {
          "email": "labeler701@cogitotech.in",
          "full_name": "Moni Sharma"
        }
      ],
      "bounding_box": {
        "h": 91.4,
        "w": 26.05,
        "x": 3098.03,
        "y": 1863.2
      },
      "id": "f076ae32-480b-4ed3-ae07-fc5f3ac22201",
      "name": "thrips_mature",
      "reviewers": [
        {
          "email": "labeler748@cogitotech.in",
          "full_name": "Sonali Thakur"
        },
        {
          "email": "youngsun@zordi.com",
          "full_name": "Youngsun Kim"
        }
      ],
      "slot_names": [
        "0"
      ],
      "updated_at": "2023-06-05T12:20:48"
    },
    {
      "annotators": [
        {
          "email": "labeler701@cogitotech.in",
          "full_name": "Moni Sharma"
        }
      ],
      "bounding_box": {
        "h": 64.02,
        "w": 66.67,
        "x": 2984.56,
        "y": 2115.31
      },
      "id": "cea410d9-9f75-4031-9ca8-f4dc8ff7f2ef",
      "name": "thrips_mature",
      "reviewers": [
        {
          "email": "youngsun@zordi.com",
          "full_name": "Youngsun Kim"
        },
        {
          "email": "labeler748@cogitotech.in",
          "full_name": "Sonali Thakur"
        }
      ],
      "slot_names": [
        "0"
      ],
      "updated_at": "2023-06-05T12:20:51"
    },
    {
      "annotators": [
        {
          "email": "labeler701@cogitotech.in",
          "full_name": "Moni Sharma"
        }
      ],
      "bounding_box": {
        "h": 39.32,
        "w": 26.93,
        "x": 2839.11,
        "y": 2024.16
      },
      "id": "62a7dca2-4388-4ff6-8c30-3ab3c7112353",
      "name": "thrips_mature",
      "reviewers": [
        {
          "email": "youngsun@zordi.com",
          "full_name": "Youngsun Kim"
        },
        {
          "email": "labeler748@cogitotech.in",
          "full_name": "Sonali Thakur"
        }
      ],
      "slot_names": [
        "0"
      ],
      "updated_at": "2023-06-05T12:21:02"
    }
  ]
}