{
  "version": "2.0",
  "schema_ref": "https://darwin-public.s3.eu-west-1.amazonaws.com/darwin_json_2_0.schema.json",
  "item": {
    "name": "DSC00635.JPG",
    "path": "/",
    "source_info": {
      "dataset": {
        "name": "flower-thrips-20230525",
        "slug": "flower-thrips-20230525",
        "dataset_management_url": "https://darwin.v7labs.com/datasets/646662/dataset-management"
      },
      "item_id": "0188537f-8af7-1777-1082-039f912821af",
      "team": {
        "name": "ZordiML",
        "slug": "zordiml"
      },
      "workview_url": "https://darwin.v7labs.com/workview?dataset=646662&item=0188537f-8af7-1777-1082-039f912821af"
    },
    "slots": [
      {
        "type": "image",
        "slot_name": "0",
        "width": 6000,
        "height": 4000,
        "thumbnail_url": "https://darwin.v7labs.com/api/v2/teams/zordiml/files/09687d3f-cd9d-4cbe-838b-9ec0758d526e/thumbnail",
        "source_files": [
          {
            "file_name": "DSC00635.JPG",
            "url": "https://darwin.v7labs.com/api/v2/teams/zordiml/uploads/729b8f09-624b-4e19-8cb1-3942540620d8"
          }
        ]
      }
    ]
  },
  "annotations": []
}