{
  "version": "2.0",
  "schema_ref": "https://darwin-public.s3.eu-west-1.amazonaws.com/darwin_json_2_0.schema.json",
  "item": {
    "name": "DSC00662.JPG",
    "path": "/",
    "source_info": {
      "dataset": {
        "name": "flower-thrips-20230525",
        "slug": "flower-thrips-20230525",
        "dataset_management_url": "https://darwin.v7labs.com/datasets/646662/dataset-management"
      },
      "item_id": "0188537f-8af6-ae66-8d59-3712250a8b15",
      "team": {
        "name": "ZordiML",
        "slug": "zordiml"
      },
      "workview_url": "https://darwin.v7labs.com/workview?dataset=646662&item=0188537f-8af6-ae66-8d59-3712250a8b15"
    },
    "slots": [
      {
        "type": "image",
        "slot_name": "0",
        "width": 6000,
        "height": 4000,
        "thumbnail_url": "https://darwin.v7labs.com/api/v2/teams/zordiml/files/4377de8c-1c56-47e1-b020-726ea8f61651/thumbnail",
        "source_files": [
          {
            "file_name": "DSC00662.JPG",
            "url": "https://darwin.v7labs.com/api/v2/teams/zordiml/uploads/b47d8333-ca4f-4ab0-9ff4-c1d6f2f2a185"
          }
        ]
      }
    ]
  },
  "annotations": [
    {
      "annotators": [
        {
          "email": "youngsun@zordi.com",
          "full_name": "Youngsun Kim"
        },
        {
          "email": "labeler714@cogitotech.in",
          "full_name": "Ravinder Yadav"
        }
      ],
      "bounding_box": {
        "h": 168.63,
        "w": 169.52,
        "x": 2545.83,
        "y": 2295.22
      },
      "id": "e0e2ac34-6879-4cae-831e-4dea83ccb08c",
      "name": "thrips_mature",
      "reviewers": [
        {
          "email": "youngsun@zordi.com",
          "full_name": "Youngsun Kim"
        },
        {
          "email": "labeler702@cogitotech.in",
          "full_name": "Rahul Kumar (3)"
        }
      ],
      "slot_names": [
        "0"
      ],
      "updated_at": "2023-06-01T12:31:32"
    },
    {
      "annotators": [
        {
          "email": "labeler714@cogitotech.in",
          "full_name": "Ravinder Yadav"
        },
        {
          "email": "youngsun@zordi.com",
          "full_name": "Youngsun Kim"
        }
      ],
      "bounding_box": {
        "h": 153.2,
        "w": 204.52,
        "x": 2986.72,
        "y": 2689.94
      },
      "id": "c0995dd3-e47d-4e29-9be8-9a2da4c9fc5e",
      "name": "thrips_mature",
      "reviewers": [
        {
          "email": "labeler702@cogitotech.in",
          "full_name": "Rahul Kumar (3)"
        },
        {
          "email": "youngsun@zordi.com",
          "full_name": "Youngsun Kim"
        }
      ],
      "slot_names": [
        "0"
      ],
      "updated_at": "2023-06-01T12:31:34"
    },
    {
      "annotators": [
        {
          "email": "youngsun@zordi.com",
          "full_name": "Youngsun Kim"
        },
        {
          "email": "labeler714@cogitotech.in",
          "full_name": "Ravinder Yadav"
        }
      ],
      "bounding_box": {
        "h": 139.83,
        "w": 93.98,
        "x": 2247.5,
        "y": 2940.78
      },
      "id": "08368207-330a-49d0-bddc-90d6dc67ec87",
      "name": "thrips_mature",
      "reviewers": [
        {
          "email": "youngsun@zordi.com",
          "full_name": "Youngsun Kim"
        },
        {
          "email": "labeler702@cogitotech.in",
          "full_name": "Rahul Kumar (3)"
        }
      ],
      "slot_names": [
        "0"
      ],
      "updated_at": "2023-06-01T12:31:29"
    }
  ]
}