{
  "version": "2.0",
  "schema_ref": "https://darwin-public.s3.eu-west-1.amazonaws.com/darwin_json_2_0.schema.json",
  "item": {
    "name": "DSC00789.JPG",
    "path": "/",
    "source_info": {
      "dataset": {
        "name": "flower-thrips-20230525",
        "slug": "flower-thrips-20230525",
        "dataset_management_url": "https://darwin.v7labs.com/datasets/646662/dataset-management"
      },
      "item_id": "0188537f-8af0-007d-2483-25662ca73157",
      "team": {
        "name": "ZordiML",
        "slug": "zordiml"
      },
      "workview_url": "https://darwin.v7labs.com/workview?dataset=646662&item=0188537f-8af0-007d-2483-25662ca73157"
    },
    "slots": [
      {
        "type": "image",
        "slot_name": "0",
        "width": 6000,
        "height": 4000,
        "thumbnail_url": "https://darwin.v7labs.com/api/v2/teams/zordiml/files/4dbf49ad-f69d-4b04-af8e-3632c1d19b06/thumbnail",
        "source_files": [
          {
            "file_name": "DSC00789.JPG",
            "url": "https://darwin.v7labs.com/api/v2/teams/zordiml/uploads/c4f949ab-a5d1-4dcb-b7de-40a4a67d9103"
          }
        ]
      }
    ]
  },
  "annotations": [
    {
      "annotators": [
        {
          "email": "labeler706@cogitotech.in",
          "full_name": "Shayena Hashmi"
        }
      ],
      "bounding_box": {
        "h": 107.7,
        "w": 70.32,
        "x": 3231.9,
        "y": 1757.29
      },
      "id": "40f023ff-98fc-4bd2-bc1c-0351c495f483",
      "name": "thrips_mature",
      "reviewers": [
        {
          "email": "labeler748@cogitotech.in",
          "full_name": "Sonali Thakur"
        }
      ],
      "slot_names": [
        "0"
      ],
      "updated_at": "2023-06-06T05:24:20"
    },
    {
      "annotators": [
        {
          "email": "labeler748@cogitotech.in",
          "full_name": "Sonali Thakur"
        }
      ],
      "bounding_box": {
        "h": 31.27,
        "w": 65.77,
        "x": 3213.16,
        "y": 2080.65
      },
      "id": "a00ef656-488f-4b42-a80f-700d5f7e56a5",
      "name": "thrips_mature",
      "reviewers": [
        {
          "email": "labeler748@cogitotech.in",
          "full_name": "Sonali Thakur"
        }
      ],
      "slot_names": [
        "0"
      ],
      "updated_at": "2023-06-06T12:06:14"
    },
    {
      "annotators": [
        {
          "email": "labeler748@cogitotech.in",
          "full_name": "Sonali Thakur"
        }
      ],
      "bounding_box": {
        "h": 36.72,
        "w": 52.78,
        "x": 2972.75,
        "y": 2090.45
      },
      "id": "4dd40db7-8abb-47c5-b064-67b06e593a4f",
      "name": "thrips_young",
      "reviewers": [
        {
          "email": "labeler748@cogitotech.in",
          "full_name": "Sonali Thakur"
        }
      ],
      "slot_names": [
        "0"
      ],
      "updated_at": "2023-06-07T06:38:39"
    }
  ]
}