{
  "version": "2.0",
  "schema_ref": "https://darwin-public.s3.eu-west-1.amazonaws.com/darwin_json_2_0.schema.json",
  "item": {
    "name": "DSC00793.JPG",
    "path": "/",
    "source_info": {
      "dataset": {
        "name": "flower-thrips-20230525",
        "slug": "flower-thrips-20230525",
        "dataset_management_url": "https://darwin.v7labs.com/datasets/646662/dataset-management"
      },
      "item_id": "0188537f-8aef-5dfc-3cb5-ce03278d4005",
      "team": {
        "name": "ZordiML",
        "slug": "zordiml"
      },
      "workview_url": "https://darwin.v7labs.com/workview?dataset=646662&item=0188537f-8aef-5dfc-3cb5-ce03278d4005"
    },
    "slots": [
      {
        "type": "image",
        "slot_name": "0",
        "width": 6000,
        "height": 4000,
        "thumbnail_url": "https://darwin.v7labs.com/api/v2/teams/zordiml/files/fe3d6ba0-e825-44db-8e58-a5a737a5f055/thumbnail",
        "source_files": [
          {
            "file_name": "DSC00793.JPG",
            "url": "https://darwin.v7labs.com/api/v2/teams/zordiml/uploads/e5c4cdf9-7964-4289-bf5b-35282f39af8b"
          }
        ]
      }
    ]
  },
  "annotations": [
    {
      "annotators": [
        {
          "email": "labeler706@cogitotech.in",
          "full_name": "Shayena Hashmi"
        }
      ],
      "bounding_box": {
        "h": 90.98,
        "w": 48.24,
        "x": 2572.82,
        "y": 1987.85
      },
      "id": "ff3c3650-3a36-43c7-94c8-194281a39f68",
      "name": "thrips_mature",
      "reviewers": [
        {
          "email": "labeler748@cogitotech.in",
          "full_name": "Sonali Thakur"
        }
      ],
      "slot_names": [
        "0"
      ],
      "updated_at": "2023-06-06T05:38:06"
    },
    {
      "annotators": [
        {
          "email": "labeler706@cogitotech.in",
          "full_name": "Shayena Hashmi"
        }
      ],
      "bounding_box": {
        "h": 121.51,
        "w": 75.72,
        "x": 2588.08,
        "y": 1843.13
      },
      "id": "2e822cd9-6f3d-48a8-9e2f-f4336507eaf2",
      "name": "thrips_mature",
      "reviewers": [
        {
          "email": "labeler748@cogitotech.in",
          "full_name": "Sonali Thakur"
        }
      ],
      "slot_names": [
        "0"
      ],
      "updated_at": "2023-06-06T05:38:11"
    },
    {
      "annotators": [
        {
          "email": "labeler706@cogitotech.in",
          "full_name": "Shayena Hashmi"
        }
      ],
      "bounding_box": {
        "h": 52.51,
        "w": 108.69,
        "x": 2797.52,
        "y": 2083.1
      },
      "id": "dd5a02f7-5ce9-457b-9901-0aa206725dfd",
      "name": "thrips_mature",
      "reviewers": [
        {
          "email": "labeler748@cogitotech.in",
          "full_name": "Sonali Thakur"
        }
      ],
      "slot_names": [
        "0"
      ],
      "updated_at": "2023-06-06T05:38:18"
    },
    {
      "annotators": [
        {
          "email": "labeler706@cogitotech.in",
          "full_name": "Shayena Hashmi"
        }
      ],
      "bounding_box": {
        "h": 107.56,
        "w": 46.98,
        "x": 3342.87,
        "y": 2231.92
      },
      "id": "56c91f33-3add-4750-b2cc-d5d59012cb44",
      "name": "thrips_mature",
      "reviewers": [
        {
          "email": "labeler748@cogitotech.in",
          "full_name": "Sonali Thakur"
        }
      ],
      "slot_names": [
        "0"
      ],
      "updated_at": "2023-06-06T05:38:30"
    },
    {
      "annotators": [
        {
          "email": "labeler748@cogitotech.in",
          "full_name": "Sonali Thakur"
        }
      ],
      "bounding_box": {
        "h": 60.22,
        "w": 86.85,
        "x": 2888.79,
        "y": 2232.78
      },
      "id": "6f892318-db30-4d06-8306-4613f11f1a7a",
      "name": "thrips_mature",
      "reviewers": [
        {
          "email": "labeler748@cogitotech.in",
          "full_name": "Sonali Thakur"
        }
      ],
      "slot_names": [
        "0"
      ],
      "updated_at": "2023-06-07T07:09:51"
    },
    {
      "annotators": [
        {
          "email": "labeler748@cogitotech.in",
          "full_name": "Sonali Thakur"
        }
      ],
      "bounding_box": {
        "h": 50.56,
        "w": 86.03,
        "x": 3131.02,
        "y": 2361.5
      },
      "id": "2de49265-138b-430b-b86f-278301f63270",
      "name": "thrips_young",
      "reviewers": [
        {
          "email": "labeler748@cogitotech.in",
          "full_name": "Sonali Thakur"
        }
      ],
      "slot_names": [
        "0"
      ],
      "updated_at": "2023-06-06T12:32:14"
    },
    {
      "annotators": [
        {
          "email": "labeler748@cogitotech.in",
          "full_name": "Sonali Thakur"
        }
      ],
      "bounding_box": {
        "h": 36.58,
        "w": 85.35,
        "x": 2883.08,
        "y": 2452.75
      },
      "id": "d6c4514c-c367-49ff-8852-1001f5fbd01f",
      "name": "thrips_young",
      "reviewers": [
        {
          "email": "labeler748@cogitotech.in",
          "full_name": "Sonali Thakur"
        }
      ],
      "slot_names": [
        "0"
      ],
      "updated_at": "2023-06-06T12:32:40"
    },
    {
      "annotators": [
        {
          "email": "labeler748@cogitotech.in",
          "full_name": "Sonali Thakur"
        }
      ],
      "bounding_box": {
        "h": 58.56,
        "w": 74.95,
        "x": 3246.21,
        "y": 1848.16
      },
      "id": "99b29783-cf9a-4bfe-b079-e1a35c2289a0",
      "name": "thrips_mature",
      "reviewers": [
        {
          "email": "labeler748@cogitotech.in",
          "full_name": "Sonali Thakur"
        }
      ],
      "slot_names": [
        "0"
      ],
      "updated_at": "2023-06-07T07:10:18"
    },
    {
      "annotators": [
        {
          "email": "labeler748@cogitotech.in",
          "full_name": "Sonali Thakur"
        }
      ],
      "bounding_box": {
        "h": 67.34,
        "w": 81.01,
        "x": 3213.22,
        "y": 2240.3
      },
      "id": "4762d25e-cc4f-45ce-beb9-198f4cfa6a96",
      "name": "thrips_mature",
      "reviewers": [
        {
          "email": "labeler748@cogitotech.in",
          "full_name": "Sonali Thakur"
        }
      ],
      "slot_names": [
        "0"
      ],
      "updated_at": "2023-06-07T07:10:31"
    },
    {
      "annotators": [
        {
          "email": "labeler748@cogitotech.in",
          "full_name": "Sonali Thakur"
        }
      ],
      "bounding_box": {
        "h": 85.89,
        "w": 65.39,
        "x": 2750.61,
        "y": 2245.18
      },
      "id": "60c12305-4751-4fb3-a933-62e729ef2b56",
      "name": "thrips_mature",
      "reviewers": [
        {
          "email": "labeler748@cogitotech.in",
          "full_name": "Sonali Thakur"
        }
      ],
      "slot_names": [
        "0"
      ],
      "updated_at": "2023-06-07T07:10:37"
    }
  ]
}