{
  "version": "2.0",
  "schema_ref": "https://darwin-public.s3.eu-west-1.amazonaws.com/darwin_json_2_0.schema.json",
  "item": {
    "name": "DSC00651.JPG",
    "path": "/",
    "source_info": {
      "dataset": {
        "name": "flower-thrips-20230525",
        "slug": "flower-thrips-20230525",
        "dataset_management_url": "https://darwin.v7labs.com/datasets/646662/dataset-management"
      },
      "item_id": "0188537f-8af7-ad3d-51dc-495cfb1aeb99",
      "team": {
        "name": "ZordiML",
        "slug": "zordiml"
      },
      "workview_url": "https://darwin.v7labs.com/workview?dataset=646662&item=0188537f-8af7-ad3d-51dc-495cfb1aeb99"
    },
    "slots": [
      {
        "type": "image",
        "slot_name": "0",
        "width": 6000,
        "height": 4000,
        "thumbnail_url": "https://darwin.v7labs.com/api/v2/teams/zordiml/files/16f4e228-1f61-4f07-8c98-34e3bfc60581/thumbnail",
        "source_files": [
          {
            "file_name": "DSC00651.JPG",
            "url": "https://darwin.v7labs.com/api/v2/teams/zordiml/uploads/323bc6fe-22f0-4620-a85e-2e2e417964a1"
          }
        ]
      }
    ]
  },
  "annotations": []
}