{
  "version": "2.0",
  "schema_ref": "https://darwin-public.s3.eu-west-1.amazonaws.com/darwin_json_2_0.schema.json",
  "item": {
    "name": "DSC00698.JPG",
    "path": "/",
    "source_info": {
      "dataset": {
        "name": "flower-thrips-20230525",
        "slug": "flower-thrips-20230525",
        "dataset_management_url": "https://darwin.v7labs.com/datasets/646662/dataset-management"
      },
      "item_id": "0188537f-8af4-9b30-7782-74d930a9acd0",
      "team": {
        "name": "ZordiML",
        "slug": "zordiml"
      },
      "workview_url": "https://darwin.v7labs.com/workview?dataset=646662&item=0188537f-8af4-9b30-7782-74d930a9acd0"
    },
    "slots": [
      {
        "type": "image",
        "slot_name": "0",
        "width": 6000,
        "height": 4000,
        "thumbnail_url": "https://darwin.v7labs.com/api/v2/teams/zordiml/files/cafbaca3-f601-4052-953c-70772f0978dd/thumbnail",
        "source_files": [
          {
            "file_name": "DSC00698.JPG",
            "url": "https://darwin.v7labs.com/api/v2/teams/zordiml/uploads/623de611-c649-41cb-9a1e-c138ce86a939"
          }
        ]
      }
    ]
  },
  "annotations": []
}