{
  "version": "2.0",
  "schema_ref": "https://darwin-public.s3.eu-west-1.amazonaws.com/darwin_json_2_0.schema.json",
  "item": {
    "name": "DSC00650.JPG",
    "path": "/",
    "source_info": {
      "dataset": {
        "name": "flower-thrips-20230525",
        "slug": "flower-thrips-20230525",
        "dataset_management_url": "https://darwin.v7labs.com/datasets/646662/dataset-management"
      },
      "item_id": "0188537f-8af7-62ab-6dc2-32aab32d4dc4",
      "team": {
        "name": "ZordiML",
        "slug": "zordiml"
      },
      "workview_url": "https://darwin.v7labs.com/workview?dataset=646662&item=0188537f-8af7-62ab-6dc2-32aab32d4dc4"
    },
    "slots": [
      {
        "type": "image",
        "slot_name": "0",
        "width": 6000,
        "height": 4000,
        "thumbnail_url": "https://darwin.v7labs.com/api/v2/teams/zordiml/files/f35d371b-c11c-4bf4-8c7b-d41c1e4f8291/thumbnail",
        "source_files": [
          {
            "file_name": "DSC00650.JPG",
            "url": "https://darwin.v7labs.com/api/v2/teams/zordiml/uploads/ecef81d7-87a8-4ccf-a1d1-7454038b5199"
          }
        ]
      }
    ]
  },
  "annotations": []
}