{
  "version": "2.0",
  "schema_ref": "https://darwin-public.s3.eu-west-1.amazonaws.com/darwin_json_2_0.schema.json",
  "item": {
    "name": "DSC00848.JPG",
    "path": "/",
    "source_info": {
      "dataset": {
        "name": "flower-thrips-20230525",
        "slug": "flower-thrips-20230525",
        "dataset_management_url": "https://darwin.v7labs.com/datasets/646662/dataset-management"
      },
      "item_id": "0188537f-8aee-78e4-91ed-77161259f8e4",
      "team": {
        "name": "ZordiML",
        "slug": "zordiml"
      },
      "workview_url": "https://darwin.v7labs.com/workview?dataset=646662&item=0188537f-8aee-78e4-91ed-77161259f8e4"
    },
    "slots": [
      {
        "type": "image",
        "slot_name": "0",
        "width": 6000,
        "height": 4000,
        "thumbnail_url": "https://darwin.v7labs.com/api/v2/teams/zordiml/files/29825a3e-86ac-49b8-bcc8-f22e16d5f9e1/thumbnail",
        "source_files": [
          {
            "file_name": "DSC00848.JPG",
            "url": "https://darwin.v7labs.com/api/v2/teams/zordiml/uploads/bd7a25d1-cad6-4f7f-ae1b-9019a9b0c80d"
          }
        ]
      }
    ]
  },
  "annotations": []
}