{
  "version": "2.0",
  "schema_ref": "https://darwin-public.s3.eu-west-1.amazonaws.com/darwin_json_2_0.schema.json",
  "item": {
    "name": "DSC00750.JPG",
    "path": "/",
    "source_info": {
      "dataset": {
        "name": "flower-thrips-20230525",
        "slug": "flower-thrips-20230525",
        "dataset_management_url": "https://darwin.v7labs.com/datasets/646662/dataset-management"
      },
      "item_id": "0188537f-8af1-e256-3a4e-88dd610a17ee",
      "team": {
        "name": "ZordiML",
        "slug": "zordiml"
      },
      "workview_url": "https://darwin.v7labs.com/workview?dataset=646662&item=0188537f-8af1-e256-3a4e-88dd610a17ee"
    },
    "slots": [
      {
        "type": "image",
        "slot_name": "0",
        "width": 6000,
        "height": 4000,
        "thumbnail_url": "https://darwin.v7labs.com/api/v2/teams/zordiml/files/0e0f2bdd-5fc3-422a-8cfb-d72a83c6928e/thumbnail",
        "source_files": [
          {
            "file_name": "DSC00750.JPG",
            "url": "https://darwin.v7labs.com/api/v2/teams/zordiml/uploads/edd7497f-44b5-4ec3-80f9-b4c5a0d7d29b"
          }
        ]
      }
    ]
  },
  "annotations": []
}