{
  "version": "2.0",
  "schema_ref": "https://darwin-public.s3.eu-west-1.amazonaws.com/darwin_json_2_0.schema.json",
  "item": {
    "name": "DSC00853.JPG",
    "path": "/",
    "source_info": {
      "dataset": {
        "name": "flower-thrips-20230525",
        "slug": "flower-thrips-20230525",
        "dataset_management_url": "https://darwin.v7labs.com/datasets/646662/dataset-management"
      },
      "item_id": "0188537f-8aee-588f-accc-cd0c76eef9a1",
      "team": {
        "name": "ZordiML",
        "slug": "zordiml"
      },
      "workview_url": "https://darwin.v7labs.com/workview?dataset=646662&item=0188537f-8aee-588f-accc-cd0c76eef9a1"
    },
    "slots": [
      {
        "type": "image",
        "slot_name": "0",
        "width": 6000,
        "height": 4000,
        "thumbnail_url": "https://darwin.v7labs.com/api/v2/teams/zordiml/files/2a210dda-01b0-4be1-8e34-d6b28fffbb14/thumbnail",
        "source_files": [
          {
            "file_name": "DSC00853.JPG",
            "url": "https://darwin.v7labs.com/api/v2/teams/zordiml/uploads/730e4e11-f598-4b18-a540-18583ff582db"
          }
        ]
      }
    ]
  },
  "annotations": []
}