{
  "version": "2.0",
  "schema_ref": "https://darwin-public.s3.eu-west-1.amazonaws.com/darwin_json_2_0.schema.json",
  "item": {
    "name": "DSC00912.JPG",
    "path": "/",
    "source_info": {
      "dataset": {
        "name": "flower-thrips-20230525",
        "slug": "flower-thrips-20230525",
        "dataset_management_url": "https://darwin.v7labs.com/datasets/646662/dataset-management"
      },
      "item_id": "0188537f-8aeb-da35-c25d-a8221fa52698",
      "team": {
        "name": "ZordiML",
        "slug": "zordiml"
      },
      "workview_url": "https://darwin.v7labs.com/workview?dataset=646662&item=0188537f-8aeb-da35-c25d-a8221fa52698"
    },
    "slots": [
      {
        "type": "image",
        "slot_name": "0",
        "width": 6000,
        "height": 4000,
        "thumbnail_url": "https://darwin.v7labs.com/api/v2/teams/zordiml/files/b28a592f-2021-4d06-a050-0bf15022eaac/thumbnail",
        "source_files": [
          {
            "file_name": "DSC00912.JPG",
            "url": "https://darwin.v7labs.com/api/v2/teams/zordiml/uploads/62200ba6-3d5f-4cc6-8d79-82e181d610bd"
          }
        ]
      }
    ]
  },
  "annotations": []
}