{
  "version": "2.0",
  "schema_ref": "https://darwin-public.s3.eu-west-1.amazonaws.com/darwin_json_2_0.schema.json",
  "item": {
    "name": "DSC00735.JPG",
    "path": "/",
    "source_info": {
      "dataset": {
        "name": "flower-thrips-20230525",
        "slug": "flower-thrips-20230525",
        "dataset_management_url": "https://darwin.v7labs.com/datasets/646662/dataset-management"
      },
      "item_id": "0188537f-8af2-fc57-faf1-65e621fff2da",
      "team": {
        "name": "ZordiML",
        "slug": "zordiml"
      },
      "workview_url": "https://darwin.v7labs.com/workview?dataset=646662&item=0188537f-8af2-fc57-faf1-65e621fff2da"
    },
    "slots": [
      {
        "type": "image",
        "slot_name": "0",
        "width": 6000,
        "height": 4000,
        "thumbnail_url": "https://darwin.v7labs.com/api/v2/teams/zordiml/files/3e352d26-a7a4-4f83-b157-eafd97482c5a/thumbnail",
        "source_files": [
          {
            "file_name": "DSC00735.JPG",
            "url": "https://darwin.v7labs.com/api/v2/teams/zordiml/uploads/e39514cd-7d52-4f5b-bfce-d6db6ecd6ded"
          }
        ]
      }
    ]
  },
  "annotations": [
    {
      "annotators": [
        {
          "email": "labeler701@cogitotech.in",
          "full_name": "Moni Sharma"
        }
      ],
      "bounding_box": {
        "h": 52.15,
        "w": 26.07,
        "x": 2803.97,
        "y": 2373.22
      },
      "id": "4eab7efd-c548-4b5b-adc2-70cd8bc8366b",
      "name": "thrips_young",
      "reviewers": [
        {
          "email": "labeler748@cogitotech.in",
          "full_name": "Sonali Thakur"
        },
        {
          "email": "youngsun@zordi.com",
          "full_name": "Youngsun Kim"
        }
      ],
      "slot_names": [
        "0"
      ],
      "updated_at": "2023-06-05T12:41:53"
    },
    {
      "annotators": [
        {
          "email": "youngsun@zordi.com",
          "full_name": "Youngsun Kim"
        }
      ],
      "bounding_box": {
        "h": 22.91,
        "w": 16.23,
        "x": 2920.78,
        "y": 1968.94
      },
      "id": "d0c386a9-3583-4557-8086-61a196bbea85",
      "name": "other_insect",
      "reviewers": [
        {
          "email": "youngsun@zordi.com",
          "full_name": "Youngsun Kim"
        }
      ],
      "slot_names": [
        "0"
      ],
      "updated_at": "2023-06-06T20:22:34"
    }
  ]
}