{
  "version": "2.0",
  "schema_ref": "https://darwin-public.s3.eu-west-1.amazonaws.com/darwin_json_2_0.schema.json",
  "item": {
    "name": "DSC00840.JPG",
    "path": "/",
    "source_info": {
      "dataset": {
        "name": "flower-thrips-20230525",
        "slug": "flower-thrips-20230525",
        "dataset_management_url": "https://darwin.v7labs.com/datasets/646662/dataset-management"
      },
      "item_id": "0188537f-8aee-afc6-07fc-0828fb52e932",
      "team": {
        "name": "ZordiML",
        "slug": "zordiml"
      },
      "workview_url": "https://darwin.v7labs.com/workview?dataset=646662&item=0188537f-8aee-afc6-07fc-0828fb52e932"
    },
    "slots": [
      {
        "type": "image",
        "slot_name": "0",
        "width": 6000,
        "height": 4000,
        "thumbnail_url": "https://darwin.v7labs.com/api/v2/teams/zordiml/files/406046ff-0550-4cc0-9739-f11a7a2df7a5/thumbnail",
        "source_files": [
          {
            "file_name": "DSC00840.JPG",
            "url": "https://darwin.v7labs.com/api/v2/teams/zordiml/uploads/1d79d8b6-3507-4a31-91d5-6132e98a5af3"
          }
        ]
      }
    ]
  },
  "annotations": []
}