{
  "version": "2.0",
  "schema_ref": "https://darwin-public.s3.eu-west-1.amazonaws.com/darwin_json_2_0.schema.json",
  "item": {
    "name": "DSC00652.JPG",
    "path": "/",
    "source_info": {
      "dataset": {
        "name": "flower-thrips-20230525",
        "slug": "flower-thrips-20230525",
        "dataset_management_url": "https://darwin.v7labs.com/datasets/646662/dataset-management"
      },
      "item_id": "0188537f-8af7-223c-4068-0c830bc64885",
      "team": {
        "name": "ZordiML",
        "slug": "zordiml"
      },
      "workview_url": "https://darwin.v7labs.com/workview?dataset=646662&item=0188537f-8af7-223c-4068-0c830bc64885"
    },
    "slots": [
      {
        "type": "image",
        "slot_name": "0",
        "width": 6000,
        "height": 4000,
        "thumbnail_url": "https://darwin.v7labs.com/api/v2/teams/zordiml/files/7957e6fa-4934-4902-a3ca-ac7a63974c5e/thumbnail",
        "source_files": [
          {
            "file_name": "DSC00652.JPG",
            "url": "https://darwin.v7labs.com/api/v2/teams/zordiml/uploads/4e82aee8-6530-4395-917d-3ef498694ec9"
          }
        ]
      }
    ]
  },
  "annotations": []
}