{
  "version": "2.0",
  "schema_ref": "https://darwin-public.s3.eu-west-1.amazonaws.com/darwin_json_2_0.schema.json",
  "item": {
    "name": "DSC00821.JPG",
    "path": "/",
    "source_info": {
      "dataset": {
        "name": "flower-thrips-20230525",
        "slug": "flower-thrips-20230525",
        "dataset_management_url": "https://darwin.v7labs.com/datasets/646662/dataset-management"
      },
      "item_id": "0188537f-8aef-d4ff-3565-aa045fcf16c7",
      "team": {
        "name": "ZordiML",
        "slug": "zordiml"
      },
      "workview_url": "https://darwin.v7labs.com/workview?dataset=646662&item=0188537f-8aef-d4ff-3565-aa045fcf16c7"
    },
    "slots": [
      {
        "type": "image",
        "slot_name": "0",
        "width": 6000,
        "height": 4000,
        "thumbnail_url": "https://darwin.v7labs.com/api/v2/teams/zordiml/files/7de87487-a4b9-47fe-b864-36def8d35676/thumbnail",
        "source_files": [
          {
            "file_name": "DSC00821.JPG",
            "url": "https://darwin.v7labs.com/api/v2/teams/zordiml/uploads/a64a292e-2937-4044-a2a1-bcfc0c1cccdb"
          }
        ]
      }
    ]
  },
  "annotations": []
}