{
  "version": "2.0",
  "schema_ref": "https://darwin-public.s3.eu-west-1.amazonaws.com/darwin_json_2_0.schema.json",
  "item": {
    "name": "DSC00792.JPG",
    "path": "/",
    "source_info": {
      "dataset": {
        "name": "flower-thrips-20230525",
        "slug": "flower-thrips-20230525",
        "dataset_management_url": "https://darwin.v7labs.com/datasets/646662/dataset-management"
      },
      "item_id": "0188537f-8aef-ca6a-3ffa-d541494e4d67",
      "team": {
        "name": "ZordiML",
        "slug": "zordiml"
      },
      "workview_url": "https://darwin.v7labs.com/workview?dataset=646662&item=0188537f-8aef-ca6a-3ffa-d541494e4d67"
    },
    "slots": [
      {
        "type": "image",
        "slot_name": "0",
        "width": 6000,
        "height": 4000,
        "thumbnail_url": "https://darwin.v7labs.com/api/v2/teams/zordiml/files/26daeda8-365a-444d-bd4c-196d6d2cb302/thumbnail",
        "source_files": [
          {
            "file_name": "DSC00792.JPG",
            "url": "https://darwin.v7labs.com/api/v2/teams/zordiml/uploads/7d112944-07a9-4570-988b-ebe0df5ccbc9"
          }
        ]
      }
    ]
  },
  "annotations": []
}