{
  "version": "2.0",
  "schema_ref": "https://darwin-public.s3.eu-west-1.amazonaws.com/darwin_json_2_0.schema.json",
  "item": {
    "name": "DSC00717.JPG",
    "path": "/",
    "source_info": {
      "dataset": {
        "name": "flower-thrips-20230525",
        "slug": "flower-thrips-20230525",
        "dataset_management_url": "https://darwin.v7labs.com/datasets/646662/dataset-management"
      },
      "item_id": "0188537f-8af3-da8d-2272-2ff580b53c37",
      "team": {
        "name": "ZordiML",
        "slug": "zordiml"
      },
      "workview_url": "https://darwin.v7labs.com/workview?dataset=646662&item=0188537f-8af3-da8d-2272-2ff580b53c37"
    },
    "slots": [
      {
        "type": "image",
        "slot_name": "0",
        "width": 6000,
        "height": 4000,
        "thumbnail_url": "https://darwin.v7labs.com/api/v2/teams/zordiml/files/32dd145e-a13d-453d-985f-baeb3a4f510c/thumbnail",
        "source_files": [
          {
            "file_name": "DSC00717.JPG",
            "url": "https://darwin.v7labs.com/api/v2/teams/zordiml/uploads/16eebb4e-a549-46a3-8e4b-42b6ecd2cbdd"
          }
        ]
      }
    ]
  },
  "annotations": []
}