{
  "version": "2.0",
  "schema_ref": "https://darwin-public.s3.eu-west-1.amazonaws.com/darwin_json_2_0.schema.json",
  "item": {
    "name": "DSC00932.JPG",
    "path": "/",
    "source_info": {
      "dataset": {
        "name": "flower-thrips-20230525",
        "slug": "flower-thrips-20230525",
        "dataset_management_url": "https://darwin.v7labs.com/datasets/646662/dataset-management"
      },
      "item_id": "0188537f-8aea-f5ed-81f9-a9b433f6edf2",
      "team": {
        "name": "ZordiML",
        "slug": "zordiml"
      },
      "workview_url": "https://darwin.v7labs.com/workview?dataset=646662&item=0188537f-8aea-f5ed-81f9-a9b433f6edf2"
    },
    "slots": [
      {
        "type": "image",
        "slot_name": "0",
        "width": 6000,
        "height": 4000,
        "thumbnail_url": "https://darwin.v7labs.com/api/v2/teams/zordiml/files/6fea773e-72f4-4f32-8998-284130fc34e1/thumbnail",
        "source_files": [
          {
            "file_name": "DSC00932.JPG",
            "url": "https://darwin.v7labs.com/api/v2/teams/zordiml/uploads/6c73bc15-1a6d-420d-a8cb-3688fc08bd7d"
          }
        ]
      }
    ]
  },
  "annotations": []
}