{
  "version": "2.0",
  "schema_ref": "https://darwin-public.s3.eu-west-1.amazonaws.com/darwin_json_2_0.schema.json",
  "item": {
    "name": "DSC00702.JPG",
    "path": "/",
    "source_info": {
      "dataset": {
        "name": "flower-thrips-20230525",
        "slug": "flower-thrips-20230525",
        "dataset_management_url": "https://darwin.v7labs.com/datasets/646662/dataset-management"
      },
      "item_id": "0188537f-8af4-7a05-442a-7f67c572d6c9",
      "team": {
        "name": "ZordiML",
        "slug": "zordiml"
      },
      "workview_url": "https://darwin.v7labs.com/workview?dataset=646662&item=0188537f-8af4-7a05-442a-7f67c572d6c9"
    },
    "slots": [
      {
        "type": "image",
        "slot_name": "0",
        "width": 6000,
        "height": 4000,
        "thumbnail_url": "https://darwin.v7labs.com/api/v2/teams/zordiml/files/6256a7f5-14e3-4bc1-9d0d-e5f51a9f0cc5/thumbnail",
        "source_files": [
          {
            "file_name": "DSC00702.JPG",
            "url": "https://darwin.v7labs.com/api/v2/teams/zordiml/uploads/4ec9b474-c7d3-4eb8-b52a-05520bd807ff"
          }
        ]
      }
    ]
  },
  "annotations": [
    {
      "annotators": [
        {
          "email": "labeler701@cogitotech.in",
          "full_name": "Moni Sharma"
        }
      ],
      "bounding_box": {
        "h": 79.38,
        "w": 95.95,
        "x": 2378.1,
        "y": 1671.85
      },
      "id": "2d6a0984-8a47-41b1-8d9e-fde5a2e19000",
      "name": "thrips_mature",
      "reviewers": [
        {
          "email": "labeler748@cogitotech.in",
          "full_name": "Sonali Thakur"
        }
      ],
      "slot_names": [
        "0"
      ],
      "updated_at": "2023-06-05T11:41:24"
    },
    {
      "annotators": [
        {
          "email": "labeler701@cogitotech.in",
          "full_name": "Moni Sharma"
        }
      ],
      "bounding_box": {
        "h": 74.71,
        "w": 42.05,
        "x": 2737.9,
        "y": 2018.78
      },
      "id": "b9bd0da8-1efe-4eeb-b9e7-09d11f9eb9d1",
      "name": "thrips_mature",
      "reviewers": [
        {
          "email": "labeler748@cogitotech.in",
          "full_name": "Sonali Thakur"
        }
      ],
      "slot_names": [
        "0"
      ],
      "updated_at": "2023-06-05T11:41:33"
    },
    {
      "annotators": [
        {
          "email": "labeler701@cogitotech.in",
          "full_name": "Moni Sharma"
        }
      ],
      "bounding_box": {
        "h": 163.35,
        "w": 62.26,
        "x": 2675.82,
        "y": 2171.73
      },
      "id": "2a85a581-3ff9-4c7f-9560-97407230e687",
      "name": "thrips_mature",
      "reviewers": [
        {
          "email": "labeler748@cogitotech.in",
          "full_name": "Sonali Thakur"
        }
      ],
      "slot_names": [
        "0"
      ],
      "updated_at": "2023-06-05T11:41:39"
    },
    {
      "annotators": [
        {
          "email": "labeler701@cogitotech.in",
          "full_name": "Moni Sharma"
        }
      ],
      "bounding_box": {
        "h": 79.28,
        "w": 58.0,
        "x": 2764.68,
        "y": 2161.09
      },
      "id": "5345a2d4-cc2c-4728-96a1-a701b10926fa",
      "name": "thrips_mature",
      "reviewers": [
        {
          "email": "labeler748@cogitotech.in",
          "full_name": "Sonali Thakur"
        }
      ],
      "slot_names": [
        "0"
      ],
      "updated_at": "2023-06-05T11:41:42"
    },
    {
      "annotators": [
        {
          "email": "labeler701@cogitotech.in",
          "full_name": "Moni Sharma"
        }
      ],
      "bounding_box": {
        "h": 78.28,
        "w": 114.02,
        "x": 2852.81,
        "y": 2526.73
      },
      "id": "60d7c579-4c10-4b34-9c9c-6cef5071ecec",
      "name": "thrips_mature",
      "reviewers": [
        {
          "email": "labeler748@cogitotech.in",
          "full_name": "Sonali Thakur"
        }
      ],
      "slot_names": [
        "0"
      ],
      "updated_at": "2023-06-05T11:41:52"
    },
    {
      "annotators": [
        {
          "email": "labeler701@cogitotech.in",
          "full_name": "Moni Sharma"
        }
      ],
      "bounding_box": {
        "h": 173.14,
        "w": 74.38,
        "x": 3121.88,
        "y": 2736.25
      },
      "id": "85860edf-e7e3-463e-bd8e-c5ac9d785b56",
      "name": "thrips_mature",
      "reviewers": [
        {
          "email": "labeler748@cogitotech.in",
          "full_name": "Sonali Thakur"
        }
      ],
      "slot_names": [
        "0"
      ],
      "updated_at": "2023-06-05T11:42:02"
    },
    {
      "annotators": [
        {
          "email": "labeler701@cogitotech.in",
          "full_name": "Moni Sharma"
        }
      ],
      "bounding_box": {
        "h": 69.0,
        "w": 138.39,
        "x": 2852.34,
        "y": 1526.52
      },
      "id": "cbc930ff-2c18-4a3d-9e52-c82ad903ac1d",
      "name": "thrips_mature",
      "reviewers": [
        {
          "email": "labeler748@cogitotech.in",
          "full_name": "Sonali Thakur"
        }
      ],
      "slot_names": [
        "0"
      ],
      "updated_at": "2023-06-05T11:42:15"
    },
    {
      "annotators": [
        {
          "email": "labeler701@cogitotech.in",
          "full_name": "Moni Sharma"
        }
      ],
      "bounding_box": {
        "h": 39.43,
        "w": 33.51,
        "x": 2888.88,
        "y": 1716.43
      },
      "id": "3c1fefc6-0c8d-4dd0-afd7-ea6616e7423c",
      "name": "thrips_mature",
      "reviewers": [
        {
          "email": "labeler748@cogitotech.in",
          "full_name": "Sonali Thakur"
        }
      ],
      "slot_names": [
        "0"
      ],
      "updated_at": "2023-06-05T11:42:20"
    },
    {
      "annotators": [
        {
          "email": "labeler748@cogitotech.in",
          "full_name": "Sonali Thakur"
        }
      ],
      "bounding_box": {
        "h": 66.3,
        "w": 60.91,
        "x": 2422.78,
        "y": 1584.05
      },
      "id": "16a85abc-111a-4cd7-ad2b-e46d82dc7c25",
      "name": "thrips_mature",
      "reviewers": [
        {
          "email": "labeler748@cogitotech.in",
          "full_name": "Sonali Thakur"
        }
      ],
      "slot_names": [
        "0"
      ],
      "updated_at": "2023-06-06T08:28:47"
    }
  ]
}