{
  "version": "2.0",
  "schema_ref": "https://darwin-public.s3.eu-west-1.amazonaws.com/darwin_json_2_0.schema.json",
  "item": {
    "name": "DSC00943.JPG",
    "path": "/",
    "source_info": {
      "dataset": {
        "name": "flower-thrips-20230525",
        "slug": "flower-thrips-20230525",
        "dataset_management_url": "https://darwin.v7labs.com/datasets/646662/dataset-management"
      },
      "item_id": "0188537f-8aea-5520-567a-e7364dc29c3d",
      "team": {
        "name": "ZordiML",
        "slug": "zordiml"
      },
      "workview_url": "https://darwin.v7labs.com/workview?dataset=646662&item=0188537f-8aea-5520-567a-e7364dc29c3d"
    },
    "slots": [
      {
        "type": "image",
        "slot_name": "0",
        "width": 6000,
        "height": 4000,
        "thumbnail_url": "https://darwin.v7labs.com/api/v2/teams/zordiml/files/4308e05c-7377-455c-b8dc-aed0a6a9516f/thumbnail",
        "source_files": [
          {
            "file_name": "DSC00943.JPG",
            "url": "https://darwin.v7labs.com/api/v2/teams/zordiml/uploads/249efbe6-36d3-4265-a95c-e16eab42c983"
          }
        ]
      }
    ]
  },
  "annotations": [
    {
      "annotators": [
        {
          "email": "labeler701@cogitotech.in",
          "full_name": "Moni Sharma"
        }
      ],
      "bounding_box": {
        "h": 549.53,
        "w": 766.55,
        "x": 1944.27,
        "y": 1666.42
      },
      "id": "851513e6-5cfa-432f-8f65-f066eb2adbdc",
      "name": "other_insect",
      "reviewers": [
        {
          "email": "youngsun@zordi.com",
          "full_name": "Youngsun Kim"
        }
      ],
      "slot_names": [
        "0"
      ],
      "updated_at": "2023-06-06T06:34:59"
    }
  ]
}