{
  "version": "2.0",
  "schema_ref": "https://darwin-public.s3.eu-west-1.amazonaws.com/darwin_json_2_0.schema.json",
  "item": {
    "name": "DSC00879.JPG",
    "path": "/",
    "source_info": {
      "dataset": {
        "name": "flower-thrips-20230525",
        "slug": "flower-thrips-20230525",
        "dataset_management_url": "https://darwin.v7labs.com/datasets/646662/dataset-management"
      },
      "item_id": "0188537f-8aec-1e6c-9e78-f746c96cf40a",
      "team": {
        "name": "ZordiML",
        "slug": "zordiml"
      },
      "workview_url": "https://darwin.v7labs.com/workview?dataset=646662&item=0188537f-8aec-1e6c-9e78-f746c96cf40a"
    },
    "slots": [
      {
        "type": "image",
        "slot_name": "0",
        "width": 6000,
        "height": 4000,
        "thumbnail_url": "https://darwin.v7labs.com/api/v2/teams/zordiml/files/794fa001-a0ab-4aa1-861d-4a519d67d217/thumbnail",
        "source_files": [
          {
            "file_name": "DSC00879.JPG",
            "url": "https://darwin.v7labs.com/api/v2/teams/zordiml/uploads/cd3dac23-8817-4336-a147-b12569a318ef"
          }
        ]
      }
    ]
  },
  "annotations": [
    {
      "annotators": [
        {
          "email": "labeler701@cogitotech.in",
          "full_name": "Moni Sharma"
        }
      ],
      "bounding_box": {
        "h": 186.32,
        "w": 167.15,
        "x": 3743.22,
        "y": 1837.43
      },
      "id": "e4193abd-a0ab-447f-92b4-87af0f688af2",
      "name": "thrips_mature",
      "reviewers": [
        {
          "email": "labeler748@cogitotech.in",
          "full_name": "Sonali Thakur"
        }
      ],
      "slot_names": [
        "0"
      ],
      "updated_at": "2023-06-06T05:19:31"
    },
    {
      "annotators": [
        {
          "email": "labeler701@cogitotech.in",
          "full_name": "Moni Sharma"
        }
      ],
      "bounding_box": {
        "h": 114.1,
        "w": 211.9,
        "x": 3500.02,
        "y": 2815.0
      },
      "id": "5e43468f-c280-448b-a660-9b6f6906e609",
      "name": "thrips_mature",
      "reviewers": [
        {
          "email": "labeler748@cogitotech.in",
          "full_name": "Sonali Thakur"
        }
      ],
      "slot_names": [
        "0"
      ],
      "updated_at": "2023-06-06T05:19:41"
    },
    {
      "annotators": [
        {
          "email": "labeler701@cogitotech.in",
          "full_name": "Moni Sharma"
        }
      ],
      "bounding_box": {
        "h": 156.48,
        "w": 287.53,
        "x": 3280.3,
        "y": 2942.79
      },
      "id": "fb93a9a8-a72d-4c67-aadf-fbc4a1877406",
      "name": "thrips_mature",
      "reviewers": [
        {
          "email": "labeler748@cogitotech.in",
          "full_name": "Sonali Thakur"
        }
      ],
      "slot_names": [
        "0"
      ],
      "updated_at": "2023-06-06T05:19:49"
    },
    {
      "annotators": [
        {
          "email": "labeler701@cogitotech.in",
          "full_name": "Moni Sharma"
        }
      ],
      "bounding_box": {
        "h": 183.21,
        "w": 221.68,
        "x": 3102.96,
        "y": 3081.01
      },
      "id": "baf94a39-455c-4d8f-9e45-9bbf74044eb0",
      "name": "thrips_mature",
      "reviewers": [
        {
          "email": "labeler748@cogitotech.in",
          "full_name": "Sonali Thakur"
        }
      ],
      "slot_names": [
        "0"
      ],
      "updated_at": "2023-06-06T05:19:57"
    },
    {
      "annotators": [
        {
          "email": "labeler701@cogitotech.in",
          "full_name": "Moni Sharma"
        }
      ],
      "bounding_box": {
        "h": 81.5,
        "w": 234.06,
        "x": 2656.35,
        "y": 3276.61
      },
      "id": "17c1e8ad-0deb-4b7a-872d-00a57eea4b3d",
      "name": "thrips_mature",
      "reviewers": [
        {
          "email": "labeler748@cogitotech.in",
          "full_name": "Sonali Thakur"
        }
      ],
      "slot_names": [
        "0"
      ],
      "updated_at": "2023-06-06T05:20:05"
    },
    {
      "annotators": [
        {
          "email": "labeler701@cogitotech.in",
          "full_name": "Moni Sharma"
        }
      ],
      "bounding_box": {
        "h": 93.92,
        "w": 117.2,
        "x": 2082.41,
        "y": 2255.28
      },
      "id": "5be94665-7d2d-482d-967e-0be8a3b24c47",
      "name": "thrips_mature",
      "reviewers": [
        {
          "email": "labeler748@cogitotech.in",
          "full_name": "Sonali Thakur"
        }
      ],
      "slot_names": [
        "0"
      ],
      "updated_at": "2023-06-06T05:20:13"
    },
    {
      "annotators": [
        {
          "email": "labeler748@cogitotech.in",
          "full_name": "Sonali Thakur"
        }
      ],
      "bounding_box": {
        "h": 74.24,
        "w": 130.48,
        "x": 2498.06,
        "y": 1905.82
      },
      "id": "536c8056-d154-4225-b43f-f65dfc4983c1",
      "name": "thrips_young",
      "reviewers": [
        {
          "email": "labeler748@cogitotech.in",
          "full_name": "Sonali Thakur"
        }
      ],
      "slot_names": [
        "0"
      ],
      "updated_at": "2023-06-07T10:10:19"
    }
  ]
}