{
  "version": "2.0",
  "schema_ref": "https://darwin-public.s3.eu-west-1.amazonaws.com/darwin_json_2_0.schema.json",
  "item": {
    "name": "DSC00934.JPG",
    "path": "/",
    "source_info": {
      "dataset": {
        "name": "flower-thrips-20230525",
        "slug": "flower-thrips-20230525",
        "dataset_management_url": "https://darwin.v7labs.com/datasets/646662/dataset-management"
      },
      "item_id": "0188537f-8aea-72dd-7c96-8dd81756a4a0",
      "team": {
        "name": "ZordiML",
        "slug": "zordiml"
      },
      "workview_url": "https://darwin.v7labs.com/workview?dataset=646662&item=0188537f-8aea-72dd-7c96-8dd81756a4a0"
    },
    "slots": [
      {
        "type": "image",
        "slot_name": "0",
        "width": 6000,
        "height": 4000,
        "thumbnail_url": "https://darwin.v7labs.com/api/v2/teams/zordiml/files/92b72d23-44cf-4504-b9bb-63d7bae69501/thumbnail",
        "source_files": [
          {
            "file_name": "DSC00934.JPG",
            "url": "https://darwin.v7labs.com/api/v2/teams/zordiml/uploads/01857df3-044e-47f1-86d8-ba9ed2c8641e"
          }
        ]
      }
    ]
  },
  "annotations": []
}