{
  "version": "2.0",
  "schema_ref": "https://darwin-public.s3.eu-west-1.amazonaws.com/darwin_json_2_0.schema.json",
  "item": {
    "name": "DSC00704.JPG",
    "path": "/",
    "source_info": {
      "dataset": {
        "name": "flower-thrips-20230525",
        "slug": "flower-thrips-20230525",
        "dataset_management_url": "https://darwin.v7labs.com/datasets/646662/dataset-management"
      },
      "item_id": "0188537f-8af3-2c19-3b1b-78bd027e0f94",
      "team": {
        "name": "ZordiML",
        "slug": "zordiml"
      },
      "workview_url": "https://darwin.v7labs.com/workview?dataset=646662&item=0188537f-8af3-2c19-3b1b-78bd027e0f94"
    },
    "slots": [
      {
        "type": "image",
        "slot_name": "0",
        "width": 6000,
        "height": 4000,
        "thumbnail_url": "https://darwin.v7labs.com/api/v2/teams/zordiml/files/e6720f6a-b015-4dbc-9759-bfdc1dd0f7a6/thumbnail",
        "source_files": [
          {
            "file_name": "DSC00704.JPG",
            "url": "https://darwin.v7labs.com/api/v2/teams/zordiml/uploads/11e5c958-3c75-40e5-9cb7-812674a34a4e"
          }
        ]
      }
    ]
  },
  "annotations": [
    {
      "annotators": [
        {
          "email": "labeler748@cogitotech.in",
          "full_name": "Sonali Thakur"
        }
      ],
      "bounding_box": {
        "h": 53.12,
        "w": 70.67,
        "x": 3315.43,
        "y": 2235.23
      },
      "id": "8d709d8b-3201-4ba9-85eb-d01c38b99636",
      "name": "thrips_young",
      "reviewers": [
        {
          "email": "labeler748@cogitotech.in",
          "full_name": "Sonali Thakur"
        }
      ],
      "slot_names": [
        "0"
      ],
      "updated_at": "2023-06-07T04:40:38"
    }
  ]
}