{
  "version": "2.0",
  "schema_ref": "https://darwin-public.s3.eu-west-1.amazonaws.com/darwin_json_2_0.schema.json",
  "item": {
    "name": "DSC00699.JPG",
    "path": "/",
    "source_info": {
      "dataset": {
        "name": "flower-thrips-20230525",
        "slug": "flower-thrips-20230525",
        "dataset_management_url": "https://darwin.v7labs.com/datasets/646662/dataset-management"
      },
      "item_id": "0188537f-8af4-3e6d-8831-0e339d8eb0d2",
      "team": {
        "name": "ZordiML",
        "slug": "zordiml"
      },
      "workview_url": "https://darwin.v7labs.com/workview?dataset=646662&item=0188537f-8af4-3e6d-8831-0e339d8eb0d2"
    },
    "slots": [
      {
        "type": "image",
        "slot_name": "0",
        "width": 6000,
        "height": 4000,
        "thumbnail_url": "https://darwin.v7labs.com/api/v2/teams/zordiml/files/dc70f4f9-497f-4a0a-8035-6c84436913b3/thumbnail",
        "source_files": [
          {
            "file_name": "DSC00699.JPG",
            "url": "https://darwin.v7labs.com/api/v2/teams/zordiml/uploads/9909d9c1-2285-4ab8-a416-b75e9e2d7518"
          }
        ]
      }
    ]
  },
  "annotations": [
    {
      "annotators": [
        {
          "email": "labeler701@cogitotech.in",
          "full_name": "Moni Sharma"
        }
      ],
      "bounding_box": {
        "h": 223.81,
        "w": 95.75,
        "x": 3284.09,
        "y": 2179.92
      },
      "id": "519fe919-fa87-4c7c-ac3c-fa10e87d1dfc",
      "name": "thrips_mature",
      "reviewers": [
        {
          "email": "labeler748@cogitotech.in",
          "full_name": "Sonali Thakur"
        }
      ],
      "slot_names": [
        "0"
      ],
      "updated_at": "2023-06-05T11:47:46"
    }
  ]
}