{
  "version": "2.0",
  "schema_ref": "https://darwin-public.s3.eu-west-1.amazonaws.com/darwin_json_2_0.schema.json",
  "item": {
    "name": "DSC00864.JPG",
    "path": "/",
    "source_info": {
      "dataset": {
        "name": "flower-thrips-20230525",
        "slug": "flower-thrips-20230525",
        "dataset_management_url": "https://darwin.v7labs.com/datasets/646662/dataset-management"
      },
      "item_id": "0188537f-8aed-97b8-1e23-fe3834963877",
      "team": {
        "name": "ZordiML",
        "slug": "zordiml"
      },
      "workview_url": "https://darwin.v7labs.com/workview?dataset=646662&item=0188537f-8aed-97b8-1e23-fe3834963877"
    },
    "slots": [
      {
        "type": "image",
        "slot_name": "0",
        "width": 6000,
        "height": 4000,
        "thumbnail_url": "https://darwin.v7labs.com/api/v2/teams/zordiml/files/a82e6ca4-43bf-40bd-92ca-b7ab60fa60db/thumbnail",
        "source_files": [
          {
            "file_name": "DSC00864.JPG",
            "url": "https://darwin.v7labs.com/api/v2/teams/zordiml/uploads/e447c92e-cc23-4e36-9c7a-2ef862911125"
          }
        ]
      }
    ]
  },
  "annotations": [
    {
      "annotators": [
        {
          "email": "labeler706@cogitotech.in",
          "full_name": "Shayena Hashmi"
        }
      ],
      "bounding_box": {
        "h": 95.26,
        "w": 28.7,
        "x": 2809.11,
        "y": 1594.29
      },
      "id": "a3412961-06eb-4634-90d7-fc11213db2f6",
      "name": "thrips_mature",
      "reviewers": [
        {
          "email": "labeler748@cogitotech.in",
          "full_name": "Sonali Thakur"
        }
      ],
      "slot_names": [
        "0"
      ],
      "updated_at": "2023-06-06T06:24:56"
    },
    {
      "annotators": [
        {
          "email": "labeler706@cogitotech.in",
          "full_name": "Shayena Hashmi"
        }
      ],
      "bounding_box": {
        "h": 61.67,
        "w": 39.69,
        "x": 3000.23,
        "y": 2064.47
      },
      "id": "726e123a-fee0-4563-a18a-1897df45cd69",
      "name": "thrips_mature",
      "reviewers": [
        {
          "email": "labeler748@cogitotech.in",
          "full_name": "Sonali Thakur"
        }
      ],
      "slot_names": [
        "0"
      ],
      "updated_at": "2023-06-06T06:25:04"
    },
    {
      "annotators": [
        {
          "email": "labeler748@cogitotech.in",
          "full_name": "Sonali Thakur"
        }
      ],
      "bounding_box": {
        "h": 55.04,
        "w": 48.6,
        "x": 3301.32,
        "y": 1696.54
      },
      "id": "feb6143b-f1cf-4c07-9faa-12ece43f62bc",
      "name": "thrips_young",
      "reviewers": [
        {
          "email": "labeler748@cogitotech.in",
          "full_name": "Sonali Thakur"
        }
      ],
      "slot_names": [
        "0"
      ],
      "updated_at": "2023-06-07T09:11:28"
    },
    {
      "annotators": [
        {
          "email": "labeler748@cogitotech.in",
          "full_name": "Sonali Thakur"
        }
      ],
      "bounding_box": {
        "h": 37.19,
        "w": 41.84,
        "x": 3332.68,
        "y": 1823.17
      },
      "id": "b967fdc7-c3df-46e6-a5c5-079c5e96bf8a",
      "name": "thrips_mature",
      "reviewers": [
        {
          "email": "labeler748@cogitotech.in",
          "full_name": "Sonali Thakur"
        }
      ],
      "slot_names": [
        "0"
      ],
      "updated_at": "2023-06-07T09:12:12"
    }
  ]
}