{
  "version": "2.0",
  "schema_ref": "https://darwin-public.s3.eu-west-1.amazonaws.com/darwin_json_2_0.schema.json",
  "item": {
    "name": "DSC00649.JPG",
    "path": "/",
    "source_info": {
      "dataset": {
        "name": "flower-thrips-20230525",
        "slug": "flower-thrips-20230525",
        "dataset_management_url": "https://darwin.v7labs.com/datasets/646662/dataset-management"
      },
      "item_id": "0188537f-8af7-79e8-af0b-97f4ef951eac",
      "team": {
        "name": "ZordiML",
        "slug": "zordiml"
      },
      "workview_url": "https://darwin.v7labs.com/workview?dataset=646662&item=0188537f-8af7-79e8-af0b-97f4ef951eac"
    },
    "slots": [
      {
        "type": "image",
        "slot_name": "0",
        "width": 6000,
        "height": 4000,
        "thumbnail_url": "https://darwin.v7labs.com/api/v2/teams/zordiml/files/e600eb8d-8aa3-44c7-a61e-4f6c1c24a25e/thumbnail",
        "source_files": [
          {
            "file_name": "DSC00649.JPG",
            "url": "https://darwin.v7labs.com/api/v2/teams/zordiml/uploads/bf2f9e9e-810c-4304-b587-b97ac25a25e0"
          }
        ]
      }
    ]
  },
  "annotations": [
    {
      "annotators": [
        {
          "email": "labeler714@cogitotech.in",
          "full_name": "Ravinder Yadav"
        },
        {
          "email": "youngsun@zordi.com",
          "full_name": "Youngsun Kim"
        }
      ],
      "bounding_box": {
        "h": 150.25,
        "w": 56.03,
        "x": 2824.65,
        "y": 1306.67
      },
      "id": "0f22d9cc-e6e5-4b50-965c-db0f1f9bd192",
      "name": "thrips_mature",
      "reviewers": [
        {
          "email": "labeler702@cogitotech.in",
          "full_name": "Rahul Kumar (3)"
        },
        {
          "email": "youngsun@zordi.com",
          "full_name": "Youngsun Kim"
        }
      ],
      "slot_names": [
        "0"
      ],
      "updated_at": "2023-06-01T12:29:26"
    }
  ]
}