{
  "version": "2.0",
  "schema_ref": "https://darwin-public.s3.eu-west-1.amazonaws.com/darwin_json_2_0.schema.json",
  "item": {
    "name": "DSC00819.JPG",
    "path": "/",
    "source_info": {
      "dataset": {
        "name": "flower-thrips-20230525",
        "slug": "flower-thrips-20230525",
        "dataset_management_url": "https://darwin.v7labs.com/datasets/646662/dataset-management"
      },
      "item_id": "0188537f-8aef-2b3c-49e2-3f673e91144c",
      "team": {
        "name": "ZordiML",
        "slug": "zordiml"
      },
      "workview_url": "https://darwin.v7labs.com/workview?dataset=646662&item=0188537f-8aef-2b3c-49e2-3f673e91144c"
    },
    "slots": [
      {
        "type": "image",
        "slot_name": "0",
        "width": 6000,
        "height": 4000,
        "thumbnail_url": "https://darwin.v7labs.com/api/v2/teams/zordiml/files/48b00f80-b0bd-48e3-a442-90139fc87d0e/thumbnail",
        "source_files": [
          {
            "file_name": "DSC00819.JPG",
            "url": "https://darwin.v7labs.com/api/v2/teams/zordiml/uploads/9972d913-d2f5-4b37-8e8b-4e379a96f619"
          }
        ]
      }
    ]
  },
  "annotations": []
}