{
  "version": "2.0",
  "schema_ref": "https://darwin-public.s3.eu-west-1.amazonaws.com/darwin_json_2_0.schema.json",
  "item": {
    "name": "DSC00731.JPG",
    "path": "/",
    "source_info": {
      "dataset": {
        "name": "flower-thrips-20230525",
        "slug": "flower-thrips-20230525",
        "dataset_management_url": "https://darwin.v7labs.com/datasets/646662/dataset-management"
      },
      "item_id": "0188537f-8af2-467c-cacb-414750a8a6d5",
      "team": {
        "name": "ZordiML",
        "slug": "zordiml"
      },
      "workview_url": "https://darwin.v7labs.com/workview?dataset=646662&item=0188537f-8af2-467c-cacb-414750a8a6d5"
    },
    "slots": [
      {
        "type": "image",
        "slot_name": "0",
        "width": 6000,
        "height": 4000,
        "thumbnail_url": "https://darwin.v7labs.com/api/v2/teams/zordiml/files/aec37d68-1c86-4a8d-93a2-054906b8af91/thumbnail",
        "source_files": [
          {
            "file_name": "DSC00731.JPG",
            "url": "https://darwin.v7labs.com/api/v2/teams/zordiml/uploads/bdf2dc18-715c-482b-a060-e13aa610e9a5"
          }
        ]
      }
    ]
  },
  "annotations": []
}