{
  "version": "2.0",
  "schema_ref": "https://darwin-public.s3.eu-west-1.amazonaws.com/darwin_json_2_0.schema.json",
  "item": {
    "name": "DSC00658.JPG",
    "path": "/",
    "source_info": {
      "dataset": {
        "name": "flower-thrips-20230525",
        "slug": "flower-thrips-20230525",
        "dataset_management_url": "https://darwin.v7labs.com/datasets/646662/dataset-management"
      },
      "item_id": "0188537f-8af6-6e9c-57bf-6e0cd0d8d335",
      "team": {
        "name": "ZordiML",
        "slug": "zordiml"
      },
      "workview_url": "https://darwin.v7labs.com/workview?dataset=646662&item=0188537f-8af6-6e9c-57bf-6e0cd0d8d335"
    },
    "slots": [
      {
        "type": "image",
        "slot_name": "0",
        "width": 6000,
        "height": 4000,
        "thumbnail_url": "https://darwin.v7labs.com/api/v2/teams/zordiml/files/44542276-a0a2-453a-9496-3a27ed567adf/thumbnail",
        "source_files": [
          {
            "file_name": "DSC00658.JPG",
            "url": "https://darwin.v7labs.com/api/v2/teams/zordiml/uploads/ad97eada-ffd8-499c-a661-efbb8402a8fb"
          }
        ]
      }
    ]
  },
  "annotations": [
    {
      "annotators": [
        {
          "email": "youngsun@zordi.com",
          "full_name": "Youngsun Kim"
        },
        {
          "email": "labeler714@cogitotech.in",
          "full_name": "Ravinder Yadav"
        }
      ],
      "bounding_box": {
        "h": 165.92,
        "w": 91.53,
        "x": 2513.45,
        "y": 1357.77
      },
      "id": "87d03245-b07d-4161-be95-8c9e3e47f237",
      "name": "thrips_mature",
      "reviewers": [
        {
          "email": "youngsun@zordi.com",
          "full_name": "Youngsun Kim"
        },
        {
          "email": "labeler702@cogitotech.in",
          "full_name": "Rahul Kumar (3)"
        }
      ],
      "slot_names": [
        "0"
      ],
      "updated_at": "2023-06-01T12:32:24"
    },
    {
      "annotators": [
        {
          "email": "labeler702@cogitotech.in",
          "full_name": "Rahul Kumar (3)"
        },
        {
          "email": "labeler714@cogitotech.in",
          "full_name": "Ravinder Yadav"
        },
        {
          "email": "youngsun@zordi.com",
          "full_name": "Youngsun Kim"
        }
      ],
      "bounding_box": {
        "h": 136.76,
        "w": 46.33,
        "x": 2962.98,
        "y": 1332.8
      },
      "id": "bcf2bdb7-5298-4252-be68-85afb28c2150",
      "name": "thrips_mature",
      "reviewers": [
        {
          "email": "labeler702@cogitotech.in",
          "full_name": "Rahul Kumar (3)"
        },
        {
          "email": "youngsun@zordi.com",
          "full_name": "Youngsun Kim"
        }
      ],
      "slot_names": [
        "0"
      ],
      "updated_at": "2023-06-01T12:32:27"
    },
    {
      "annotators": [
        {
          "email": "labeler714@cogitotech.in",
          "full_name": "Ravinder Yadav"
        },
        {
          "email": "youngsun@zordi.com",
          "full_name": "Youngsun Kim"
        }
      ],
      "bounding_box": {
        "h": 37.51,
        "w": 29.94,
        "x": 2815.15,
        "y": 3830.71
      },
      "id": "df157c3c-88d3-4d0c-b6c4-5cb0df55ffa7",
      "name": "thrips_young",
      "reviewers": [
        {
          "email": "labeler702@cogitotech.in",
          "full_name": "Rahul Kumar (3)"
        },
        {
          "email": "youngsun@zordi.com",
          "full_name": "Youngsun Kim"
        }
      ],
      "slot_names": [
        "0"
      ],
      "updated_at": "2023-06-01T12:32:48"
    },
    {
      "annotators": [
        {
          "email": "labeler714@cogitotech.in",
          "full_name": "Ravinder Yadav"
        },
        {
          "email": "youngsun@zordi.com",
          "full_name": "Youngsun Kim"
        }
      ],
      "bounding_box": {
        "h": 102.75,
        "w": 35.09,
        "x": 2517.73,
        "y": 3291.28
      },
      "id": "77b74020-e49e-4a4e-ae88-38f2ad5af4ad",
      "name": "thrips_mature",
      "reviewers": [
        {
          "email": "youngsun@zordi.com",
          "full_name": "Youngsun Kim"
        },
        {
          "email": "labeler702@cogitotech.in",
          "full_name": "Rahul Kumar (3)"
        }
      ],
      "slot_names": [
        "0"
      ],
      "updated_at": "2023-06-01T12:32:53"
    },
    {
      "annotators": [
        {
          "email": "labeler714@cogitotech.in",
          "full_name": "Ravinder Yadav"
        },
        {
          "email": "youngsun@zordi.com",
          "full_name": "Youngsun Kim"
        }
      ],
      "bounding_box": {
        "h": 27.44,
        "w": 22.69,
        "x": 3499.33,
        "y": 1731.95
      },
      "id": "7d6f18ac-3ff2-4843-8ad5-79d4ca4a1b53",
      "name": "thrips_mature",
      "reviewers": [
        {
          "email": "youngsun@zordi.com",
          "full_name": "Youngsun Kim"
        },
        {
          "email": "labeler702@cogitotech.in",
          "full_name": "Rahul Kumar (3)"
        }
      ],
      "slot_names": [
        "0"
      ],
      "updated_at": "2023-06-01T12:32:36"
    }
  ]
}