{
  "version": "2.0",
  "schema_ref": "https://darwin-public.s3.eu-west-1.amazonaws.com/darwin_json_2_0.schema.json",
  "item": {
    "name": "DSC00641.JPG",
    "path": "/",
    "source_info": {
      "dataset": {
        "name": "flower-thrips-20230525",
        "slug": "flower-thrips-20230525",
        "dataset_management_url": "https://darwin.v7labs.com/datasets/646662/dataset-management"
      },
      "item_id": "0188537f-8af7-e8f2-2392-a050b6576253",
      "team": {
        "name": "ZordiML",
        "slug": "zordiml"
      },
      "workview_url": "https://darwin.v7labs.com/workview?dataset=646662&item=0188537f-8af7-e8f2-2392-a050b6576253"
    },
    "slots": [
      {
        "type": "image",
        "slot_name": "0",
        "width": 6000,
        "height": 4000,
        "thumbnail_url": "https://darwin.v7labs.com/api/v2/teams/zordiml/files/b573f15e-9730-4c6f-99af-75a3d9696e50/thumbnail",
        "source_files": [
          {
            "file_name": "DSC00641.JPG",
            "url": "https://darwin.v7labs.com/api/v2/teams/zordiml/uploads/face5587-2516-4934-98c7-5a2c83c5dd77"
          }
        ]
      }
    ]
  },
  "annotations": [
    {
      "annotators": [
        {
          "email": "youngsun@zordi.com",
          "full_name": "Youngsun Kim"
        },
        {
          "email": "labeler714@cogitotech.in",
          "full_name": "Ravinder Yadav"
        }
      ],
      "bounding_box": {
        "h": 102.75,
        "w": 108.72,
        "x": 2886.11,
        "y": 2219.46
      },
      "id": "2c4e7dc4-c689-472e-b3e2-cbf547364187",
      "name": "thrips_mature",
      "reviewers": [
        {
          "email": "labeler702@cogitotech.in",
          "full_name": "Rahul Kumar (3)"
        },
        {
          "email": "youngsun@zordi.com",
          "full_name": "Youngsun Kim"
        }
      ],
      "slot_names": [
        "0"
      ],
      "updated_at": "2023-06-01T12:26:41"
    },
    {
      "annotators": [
        {
          "email": "labeler714@cogitotech.in",
          "full_name": "Ravinder Yadav"
        },
        {
          "email": "youngsun@zordi.com",
          "full_name": "Youngsun Kim"
        }
      ],
      "bounding_box": {
        "h": 46.44,
        "w": 93.41,
        "x": 2736.4,
        "y": 2071.14
      },
      "id": "8f7c7446-8d92-4d3c-89bf-fa9a79f067a8",
      "name": "thrips_young",
      "reviewers": [
        {
          "email": "youngsun@zordi.com",
          "full_name": "Youngsun Kim"
        },
        {
          "email": "labeler702@cogitotech.in",
          "full_name": "Rahul Kumar (3)"
        }
      ],
      "slot_names": [
        "0"
      ],
      "updated_at": "2023-06-01T12:26:26"
    },
    {
      "annotators": [
        {
          "email": "youngsun@zordi.com",
          "full_name": "Youngsun Kim"
        },
        {
          "email": "labeler714@cogitotech.in",
          "full_name": "Ravinder Yadav"
        }
      ],
      "bounding_box": {
        "h": 76.26,
        "w": 46.56,
        "x": 2680.11,
        "y": 1784.38
      },
      "id": "3c07ecbc-c970-47d1-ae82-a3a27cc55154",
      "name": "thrips_mature",
      "reviewers": [
        {
          "email": "labeler702@cogitotech.in",
          "full_name": "Rahul Kumar (3)"
        },
        {
          "email": "youngsun@zordi.com",
          "full_name": "Youngsun Kim"
        }
      ],
      "slot_names": [
        "0"
      ],
      "updated_at": "2023-06-01T12:26:21"
    },
    {
      "annotators": [
        {
          "email": "youngsun@zordi.com",
          "full_name": "Youngsun Kim"
        },
        {
          "email": "labeler714@cogitotech.in",
          "full_name": "Ravinder Yadav"
        }
      ],
      "bounding_box": {
        "h": 54.66,
        "w": 42.72,
        "x": 2992.29,
        "y": 2031.87
      },
      "id": "1f3adb5c-8f49-4135-a429-352ff5c5619d",
      "name": "thrips_mature",
      "reviewers": [
        {
          "email": "youngsun@zordi.com",
          "full_name": "Youngsun Kim"
        },
        {
          "email": "labeler702@cogitotech.in",
          "full_name": "Rahul Kumar (3)"
        }
      ],
      "slot_names": [
        "0"
      ],
      "updated_at": "2023-06-01T12:26:34"
    },
    {
      "annotators": [
        {
          "email": "youngsun@zordi.com",
          "full_name": "Youngsun Kim"
        }
      ],
      "bounding_box": {
        "h": 107.0,
        "w": 49.24,
        "x": 3204.53,
        "y": 1765.59
      },
      "id": "04098117-8c2b-46be-bef3-c4f8bcc4d426",
      "name": "thrips_mature",
      "reviewers": [
        {
          "email": "youngsun@zordi.com",
          "full_name": "Youngsun Kim"
        }
      ],
      "slot_names": [
        "0"
      ],
      "updated_at": "2023-06-01T12:26:56"
    }
  ]
}