{
  "version": "2.0",
  "schema_ref": "https://darwin-public.s3.eu-west-1.amazonaws.com/darwin_json_2_0.schema.json",
  "item": {
    "name": "DSC00748.JPG",
    "path": "/",
    "source_info": {
      "dataset": {
        "name": "flower-thrips-20230525",
        "slug": "flower-thrips-20230525",
        "dataset_management_url": "https://darwin.v7labs.com/datasets/646662/dataset-management"
      },
      "item_id": "0188537f-8af1-c308-e7b1-d044912fc490",
      "team": {
        "name": "ZordiML",
        "slug": "zordiml"
      },
      "workview_url": "https://darwin.v7labs.com/workview?dataset=646662&item=0188537f-8af1-c308-e7b1-d044912fc490"
    },
    "slots": [
      {
        "type": "image",
        "slot_name": "0",
        "width": 6000,
        "height": 4000,
        "thumbnail_url": "https://darwin.v7labs.com/api/v2/teams/zordiml/files/d187e3fb-273d-4cf9-8562-759bee0e0f46/thumbnail",
        "source_files": [
          {
            "file_name": "DSC00748.JPG",
            "url": "https://darwin.v7labs.com/api/v2/teams/zordiml/uploads/b4c2eedc-0820-48cd-8a89-22014ebec742"
          }
        ]
      }
    ]
  },
  "annotations": [
    {
      "annotators": [
        {
          "email": "labeler706@cogitotech.in",
          "full_name": "Shayena Hashmi"
        }
      ],
      "bounding_box": {
        "h": 101.42,
        "w": 45.8,
        "x": 3079.36,
        "y": 3044.01
      },
      "id": "486e556a-5838-4a76-83c0-564948456e98",
      "name": "thrips_mature",
      "reviewers": [
        {
          "email": "labeler748@cogitotech.in",
          "full_name": "Sonali Thakur"
        }
      ],
      "slot_names": [
        "0"
      ],
      "updated_at": "2023-06-06T04:20:17"
    },
    {
      "annotators": [
        {
          "email": "labeler706@cogitotech.in",
          "full_name": "Shayena Hashmi"
        }
      ],
      "bounding_box": {
        "h": 52.97,
        "w": 51.63,
        "x": 4106.6,
        "y": 2699.96
      },
      "id": "6a1a255d-55a4-45e7-a7f2-e36cae9271bd",
      "name": "thrips_mature",
      "reviewers": [
        {
          "email": "labeler748@cogitotech.in",
          "full_name": "Sonali Thakur"
        }
      ],
      "slot_names": [
        "0"
      ],
      "updated_at": "2023-06-06T04:20:23"
    },
    {
      "annotators": [
        {
          "email": "labeler706@cogitotech.in",
          "full_name": "Shayena Hashmi"
        }
      ],
      "bounding_box": {
        "h": 39.25,
        "w": 125.71,
        "x": 2406.37,
        "y": 2546.21
      },
      "id": "90c81754-0a92-4226-96c5-17835868f621",
      "name": "thrips_mature",
      "reviewers": [
        {
          "email": "labeler748@cogitotech.in",
          "full_name": "Sonali Thakur"
        }
      ],
      "slot_names": [
        "0"
      ],
      "updated_at": "2023-06-06T04:20:34"
    },
    {
      "annotators": [
        {
          "email": "labeler748@cogitotech.in",
          "full_name": "Sonali Thakur"
        }
      ],
      "bounding_box": {
        "h": 43.37,
        "w": 26.2,
        "x": 2992.86,
        "y": 2200.05
      },
      "id": "3e8adbcf-a361-4da8-b4cb-50158fb9a60f",
      "name": "thrips_mature",
      "reviewers": [
        {
          "email": "labeler748@cogitotech.in",
          "full_name": "Sonali Thakur"
        }
      ],
      "slot_names": [
        "0"
      ],
      "updated_at": "2023-06-07T05:41:13"
    },
    {
      "annotators": [
        {
          "email": "labeler748@cogitotech.in",
          "full_name": "Sonali Thakur"
        }
      ],
      "bounding_box": {
        "h": 101.69,
        "w": 59.7,
        "x": 3536.32,
        "y": 1957.13
      },
      "id": "11ad922d-29d3-4633-b7d8-bf11a01613a8",
      "name": "thrips_mature",
      "reviewers": [
        {
          "email": "labeler748@cogitotech.in",
          "full_name": "Sonali Thakur"
        }
      ],
      "slot_names": [
        "0"
      ],
      "updated_at": "2023-06-07T05:41:31"
    },
    {
      "annotators": [
        {
          "email": "labeler748@cogitotech.in",
          "full_name": "Sonali Thakur"
        }
      ],
      "bounding_box": {
        "h": 32.8,
        "w": 62.7,
        "x": 3250.4,
        "y": 2306.39
      },
      "id": "c2d7456c-3385-472c-8086-759a8ef66b4b",
      "name": "thrips_young",
      "reviewers": [
        {
          "email": "labeler748@cogitotech.in",
          "full_name": "Sonali Thakur"
        }
      ],
      "slot_names": [
        "0"
      ],
      "updated_at": "2023-06-07T05:42:02"
    },
    {
      "annotators": [
        {
          "email": "labeler748@cogitotech.in",
          "full_name": "Sonali Thakur"
        }
      ],
      "bounding_box": {
        "h": 53.61,
        "w": 53.61,
        "x": 1175.28,
        "y": 2353.62
      },
      "id": "7acbf50c-d7b0-49c3-8e5c-8b52adbdf9b6",
      "name": "thrips_young",
      "reviewers": [
        {
          "email": "labeler748@cogitotech.in",
          "full_name": "Sonali Thakur"
        }
      ],
      "slot_names": [
        "0"
      ],
      "updated_at": "2023-06-07T05:42:23"
    }
  ]
}