{
  "version": "2.0",
  "schema_ref": "https://darwin-public.s3.eu-west-1.amazonaws.com/darwin_json_2_0.schema.json",
  "item": {
    "name": "DSC00744.JPG",
    "path": "/",
    "source_info": {
      "dataset": {
        "name": "flower-thrips-20230525",
        "slug": "flower-thrips-20230525",
        "dataset_management_url": "https://darwin.v7labs.com/datasets/646662/dataset-management"
      },
      "item_id": "0188537f-8af2-0f88-570b-02ec236fa687",
      "team": {
        "name": "ZordiML",
        "slug": "zordiml"
      },
      "workview_url": "https://darwin.v7labs.com/workview?dataset=646662&item=0188537f-8af2-0f88-570b-02ec236fa687"
    },
    "slots": [
      {
        "type": "image",
        "slot_name": "0",
        "width": 6000,
        "height": 4000,
        "thumbnail_url": "https://darwin.v7labs.com/api/v2/teams/zordiml/files/f74330ca-3f12-4d7f-8e86-3d6a563cd417/thumbnail",
        "source_files": [
          {
            "file_name": "DSC00744.JPG",
            "url": "https://darwin.v7labs.com/api/v2/teams/zordiml/uploads/e1a2832b-507e-4007-bf73-21b3e9aa6364"
          }
        ]
      }
    ]
  },
  "annotations": []
}