{
  "version": "2.0",
  "schema_ref": "https://darwin-public.s3.eu-west-1.amazonaws.com/darwin_json_2_0.schema.json",
  "item": {
    "name": "DSC00654.JPG",
    "path": "/",
    "source_info": {
      "dataset": {
        "name": "flower-thrips-20230525",
        "slug": "flower-thrips-20230525",
        "dataset_management_url": "https://darwin.v7labs.com/datasets/646662/dataset-management"
      },
      "item_id": "0188537f-8af7-f4b3-91e1-9bc7f001821d",
      "team": {
        "name": "ZordiML",
        "slug": "zordiml"
      },
      "workview_url": "https://darwin.v7labs.com/workview?dataset=646662&item=0188537f-8af7-f4b3-91e1-9bc7f001821d"
    },
    "slots": [
      {
        "type": "image",
        "slot_name": "0",
        "width": 6000,
        "height": 4000,
        "thumbnail_url": "https://darwin.v7labs.com/api/v2/teams/zordiml/files/0c7dff93-f8a5-4caa-96b0-103cdbab0ea9/thumbnail",
        "source_files": [
          {
            "file_name": "DSC00654.JPG",
            "url": "https://darwin.v7labs.com/api/v2/teams/zordiml/uploads/73ab592f-cf7b-48ac-93e3-7b10481fc727"
          }
        ]
      }
    ]
  },
  "annotations": [
    {
      "annotators": [
        {
          "email": "labeler714@cogitotech.in",
          "full_name": "Ravinder Yadav"
        },
        {
          "email": "youngsun@zordi.com",
          "full_name": "Youngsun Kim"
        }
      ],
      "bounding_box": {
        "h": 104.12,
        "w": 94.3,
        "x": 2351.34,
        "y": 2057.74
      },
      "id": "85634c06-cedd-4268-892e-58ce06346358",
      "name": "thrips_mature",
      "reviewers": [
        {
          "email": "youngsun@zordi.com",
          "full_name": "Youngsun Kim"
        },
        {
          "email": "labeler702@cogitotech.in",
          "full_name": "Rahul Kumar (3)"
        }
      ],
      "slot_names": [
        "0"
      ],
      "updated_at": "2023-06-01T12:25:01"
    },
    {
      "annotators": [
        {
          "email": "labeler714@cogitotech.in",
          "full_name": "Ravinder Yadav"
        },
        {
          "email": "youngsun@zordi.com",
          "full_name": "Youngsun Kim"
        }
      ],
      "bounding_box": {
        "h": 39.06,
        "w": 112.06,
        "x": 2951.09,
        "y": 2169.24
      },
      "id": "c1e36a1a-2a25-4f19-98ba-dd592bf7b8e9",
      "name": "thrips_mature",
      "reviewers": [
        {
          "email": "labeler702@cogitotech.in",
          "full_name": "Rahul Kumar (3)"
        },
        {
          "email": "youngsun@zordi.com",
          "full_name": "Youngsun Kim"
        }
      ],
      "slot_names": [
        "0"
      ],
      "updated_at": "2023-06-01T12:25:18"
    },
    {
      "annotators": [
        {
          "email": "youngsun@zordi.com",
          "full_name": "Youngsun Kim"
        },
        {
          "email": "labeler714@cogitotech.in",
          "full_name": "Ravinder Yadav"
        }
      ],
      "bounding_box": {
        "h": 66.44,
        "w": 48.32,
        "x": 2863.48,
        "y": 2133.67
      },
      "id": "2aca2797-40a4-489d-832e-522119c16bbf",
      "name": "thrips_mature",
      "reviewers": [
        {
          "email": "youngsun@zordi.com",
          "full_name": "Youngsun Kim"
        },
        {
          "email": "labeler702@cogitotech.in",
          "full_name": "Rahul Kumar (3)"
        }
      ],
      "slot_names": [
        "0"
      ],
      "updated_at": "2023-06-01T12:25:16"
    },
    {
      "annotators": [
        {
          "email": "labeler714@cogitotech.in",
          "full_name": "Ravinder Yadav"
        },
        {
          "email": "youngsun@zordi.com",
          "full_name": "Youngsun Kim"
        }
      ],
      "bounding_box": {
        "h": 22.22,
        "w": 74.56,
        "x": 2948.22,
        "y": 1969.28
      },
      "id": "d64f94a3-e1b2-452b-905f-46013bfbfb37",
      "name": "thrips_mature",
      "reviewers": [
        {
          "email": "youngsun@zordi.com",
          "full_name": "Youngsun Kim"
        },
        {
          "email": "labeler702@cogitotech.in",
          "full_name": "Rahul Kumar (3)"
        }
      ],
      "slot_names": [
        "0"
      ],
      "updated_at": "2023-06-01T12:25:12"
    },
    {
      "annotators": [
        {
          "email": "labeler714@cogitotech.in",
          "full_name": "Ravinder Yadav"
        },
        {
          "email": "youngsun@zordi.com",
          "full_name": "Youngsun Kim"
        }
      ],
      "bounding_box": {
        "h": 25.73,
        "w": 57.84,
        "x": 2851.62,
        "y": 1926.48
      },
      "id": "be042c23-f4d5-4c57-9ed0-1b073a320bee",
      "name": "thrips_mature",
      "reviewers": [
        {
          "email": "youngsun@zordi.com",
          "full_name": "Youngsun Kim"
        },
        {
          "email": "labeler702@cogitotech.in",
          "full_name": "Rahul Kumar (3)"
        }
      ],
      "slot_names": [
        "0"
      ],
      "updated_at": "2023-06-01T12:25:10"
    },
    {
      "annotators": [
        {
          "email": "youngsun@zordi.com",
          "full_name": "Youngsun Kim"
        },
        {
          "email": "labeler714@cogitotech.in",
          "full_name": "Ravinder Yadav"
        }
      ],
      "bounding_box": {
        "h": 34.19,
        "w": 40.1,
        "x": 2769.01,
        "y": 1909.27
      },
      "id": "de9b6e2c-c957-4b39-a467-e4247b4cd197",
      "name": "thrips_mature",
      "reviewers": [
        {
          "email": "youngsun@zordi.com",
          "full_name": "Youngsun Kim"
        },
        {
          "email": "labeler702@cogitotech.in",
          "full_name": "Rahul Kumar (3)"
        }
      ],
      "slot_names": [
        "0"
      ],
      "updated_at": "2023-06-01T12:25:07"
    },
    {
      "annotators": [
        {
          "email": "labeler714@cogitotech.in",
          "full_name": "Ravinder Yadav"
        },
        {
          "email": "youngsun@zordi.com",
          "full_name": "Youngsun Kim"
        }
      ],
      "bounding_box": {
        "h": 46.32,
        "w": 30.34,
        "x": 2507.12,
        "y": 2277.18
      },
      "id": "19d1b8ce-986a-4dce-9f67-3323888821ba",
      "name": "thrips_mature",
      "reviewers": [
        {
          "email": "youngsun@zordi.com",
          "full_name": "Youngsun Kim"
        },
        {
          "email": "labeler702@cogitotech.in",
          "full_name": "Rahul Kumar (3)"
        }
      ],
      "slot_names": [
        "0"
      ],
      "updated_at": "2023-06-01T12:24:58"
    }
  ]
}