{
  "version": "2.0",
  "schema_ref": "https://darwin-public.s3.eu-west-1.amazonaws.com/darwin_json_2_0.schema.json",
  "item": {
    "name": "DSC00689.JPG",
    "path": "/",
    "source_info": {
      "dataset": {
        "name": "flower-thrips-20230525",
        "slug": "flower-thrips-20230525",
        "dataset_management_url": "https://darwin.v7labs.com/datasets/646662/dataset-management"
      },
      "item_id": "0188537f-8af4-28d8-1140-c92a9f2d5d8d",
      "team": {
        "name": "ZordiML",
        "slug": "zordiml"
      },
      "workview_url": "https://darwin.v7labs.com/workview?dataset=646662&item=0188537f-8af4-28d8-1140-c92a9f2d5d8d"
    },
    "slots": [
      {
        "type": "image",
        "slot_name": "0",
        "width": 6000,
        "height": 4000,
        "thumbnail_url": "https://darwin.v7labs.com/api/v2/teams/zordiml/files/5dac0eee-48db-423c-88ac-c14624aa5ed4/thumbnail",
        "source_files": [
          {
            "file_name": "DSC00689.JPG",
            "url": "https://darwin.v7labs.com/api/v2/teams/zordiml/uploads/6cf519ff-ee46-48d1-8a9f-5cbc7a448865"
          }
        ]
      }
    ]
  },
  "annotations": [
    {
      "annotators": [
        {
          "email": "labeler701@cogitotech.in",
          "full_name": "Moni Sharma"
        }
      ],
      "bounding_box": {
        "h": 186.7,
        "w": 70.61,
        "x": 2239.4,
        "y": 1652.99
      },
      "id": "7a66248b-5f3a-456a-8777-c4dcf23669c5",
      "name": "thrips_mature",
      "reviewers": [
        {
          "email": "labeler748@cogitotech.in",
          "full_name": "Sonali Thakur"
        }
      ],
      "slot_names": [
        "0"
      ],
      "updated_at": "2023-06-05T11:49:16"
    },
    {
      "annotators": [
        {
          "email": "labeler701@cogitotech.in",
          "full_name": "Moni Sharma"
        }
      ],
      "bounding_box": {
        "h": 130.27,
        "w": 62.08,
        "x": 1916.1,
        "y": 2834.82
      },
      "id": "1a0f6215-015f-4ffc-a143-302c87cb5502",
      "name": "thrips_mature",
      "reviewers": [
        {
          "email": "labeler748@cogitotech.in",
          "full_name": "Sonali Thakur"
        }
      ],
      "slot_names": [
        "0"
      ],
      "updated_at": "2023-06-05T11:49:21"
    },
    {
      "annotators": [
        {
          "email": "labeler701@cogitotech.in",
          "full_name": "Moni Sharma"
        }
      ],
      "bounding_box": {
        "h": 106.86,
        "w": 196.42,
        "x": 2461.59,
        "y": 3102.48
      },
      "id": "c6eacb8e-90a9-400b-843c-a1bce7ff6467",
      "name": "thrips_mature",
      "reviewers": [
        {
          "email": "labeler748@cogitotech.in",
          "full_name": "Sonali Thakur"
        }
      ],
      "slot_names": [
        "0"
      ],
      "updated_at": "2023-06-05T11:49:25"
    },
    {
      "annotators": [
        {
          "email": "labeler748@cogitotech.in",
          "full_name": "Sonali Thakur"
        }
      ],
      "bounding_box": {
        "h": 40.16,
        "w": 25.1,
        "x": 2943.75,
        "y": 1823.96
      },
      "id": "81340825-ac1c-496f-8cd7-1f330e849c32",
      "name": "thrips_young",
      "reviewers": [
        {
          "email": "labeler748@cogitotech.in",
          "full_name": "Sonali Thakur"
        }
      ],
      "slot_names": [
        "0"
      ],
      "updated_at": "2023-06-07T04:26:41"
    }
  ]
}