{
  "version": "2.0",
  "schema_ref": "https://darwin-public.s3.eu-west-1.amazonaws.com/darwin_json_2_0.schema.json",
  "item": {
    "name": "DSC00669.JPG",
    "path": "/",
    "source_info": {
      "dataset": {
        "name": "flower-thrips-20230525",
        "slug": "flower-thrips-20230525",
        "dataset_management_url": "https://darwin.v7labs.com/datasets/646662/dataset-management"
      },
      "item_id": "0188537f-8af6-2c57-4424-4ed6c0f379c1",
      "team": {
        "name": "ZordiML",
        "slug": "zordiml"
      },
      "workview_url": "https://darwin.v7labs.com/workview?dataset=646662&item=0188537f-8af6-2c57-4424-4ed6c0f379c1"
    },
    "slots": [
      {
        "type": "image",
        "slot_name": "0",
        "width": 6000,
        "height": 4000,
        "thumbnail_url": "https://darwin.v7labs.com/api/v2/teams/zordiml/files/06bcdc7f-78d0-4ad8-932b-fd691a18379f/thumbnail",
        "source_files": [
          {
            "file_name": "DSC00669.JPG",
            "url": "https://darwin.v7labs.com/api/v2/teams/zordiml/uploads/9152f747-4dca-4bff-af47-079016ce4131"
          }
        ]
      }
    ]
  },
  "annotations": [
    {
      "annotators": [
        {
          "email": "labeler701@cogitotech.in",
          "full_name": "Moni Sharma"
        }
      ],
      "bounding_box": {
        "h": 64.49,
        "w": 97.2,
        "x": 3258.09,
        "y": 1878.13
      },
      "id": "dd723cdd-2832-426b-9628-0a2272ead4e1",
      "name": "thrips_mature",
      "reviewers": [
        {
          "email": "labeler748@cogitotech.in",
          "full_name": "Sonali Thakur"
        }
      ],
      "slot_names": [
        "0"
      ],
      "updated_at": "2023-06-05T10:58:30"
    },
    {
      "annotators": [
        {
          "email": "labeler701@cogitotech.in",
          "full_name": "Moni Sharma"
        }
      ],
      "bounding_box": {
        "h": 72.59,
        "w": 52.65,
        "x": 3203.57,
        "y": 1934.21
      },
      "id": "f98a30c6-eb6f-45ff-8728-ef413809a9cd",
      "name": "thrips_mature",
      "reviewers": [
        {
          "email": "labeler748@cogitotech.in",
          "full_name": "Sonali Thakur"
        }
      ],
      "slot_names": [
        "0"
      ],
      "updated_at": "2023-06-05T10:58:33"
    },
    {
      "annotators": [
        {
          "email": "labeler701@cogitotech.in",
          "full_name": "Moni Sharma"
        }
      ],
      "bounding_box": {
        "h": 67.11,
        "w": 93.6,
        "x": 3066.07,
        "y": 2335.14
      },
      "id": "5fc781e2-52d5-4f5c-8f50-b64a6f2c9124",
      "name": "thrips_mature",
      "reviewers": [
        {
          "email": "labeler748@cogitotech.in",
          "full_name": "Sonali Thakur"
        }
      ],
      "slot_names": [
        "0"
      ],
      "updated_at": "2023-06-05T10:58:43"
    },
    {
      "annotators": [
        {
          "email": "labeler701@cogitotech.in",
          "full_name": "Moni Sharma"
        }
      ],
      "bounding_box": {
        "h": 64.66,
        "w": 59.1,
        "x": 3246.07,
        "y": 2063.25
      },
      "id": "cb6e9b85-d821-4af2-8e1d-de9cd7f36d48",
      "name": "thrips_mature",
      "reviewers": [
        {
          "email": "labeler748@cogitotech.in",
          "full_name": "Sonali Thakur"
        }
      ],
      "slot_names": [
        "0"
      ],
      "updated_at": "2023-06-05T10:59:53"
    },
    {
      "annotators": [
        {
          "email": "labeler748@cogitotech.in",
          "full_name": "Sonali Thakur"
        }
      ],
      "bounding_box": {
        "h": 44.84,
        "w": 24.91,
        "x": 3714.95,
        "y": 2891.61
      },
      "id": "ef1ff981-addd-4833-9ed7-9f3911ebaa5f",
      "name": "thrips_mature",
      "reviewers": [
        {
          "email": "labeler748@cogitotech.in",
          "full_name": "Sonali Thakur"
        }
      ],
      "slot_names": [
        "0"
      ],
      "updated_at": "2023-06-06T07:14:23"
    }
  ]
}