{
  "version": "2.0",
  "schema_ref": "https://darwin-public.s3.eu-west-1.amazonaws.com/darwin_json_2_0.schema.json",
  "item": {
    "name": "DSC00786.JPG",
    "path": "/",
    "source_info": {
      "dataset": {
        "name": "flower-thrips-20230525",
        "slug": "flower-thrips-20230525",
        "dataset_management_url": "https://darwin.v7labs.com/datasets/646662/dataset-management"
      },
      "item_id": "0188537f-8af0-974e-ee20-ce18c8e82419",
      "team": {
        "name": "ZordiML",
        "slug": "zordiml"
      },
      "workview_url": "https://darwin.v7labs.com/workview?dataset=646662&item=0188537f-8af0-974e-ee20-ce18c8e82419"
    },
    "slots": [
      {
        "type": "image",
        "slot_name": "0",
        "width": 6000,
        "height": 4000,
        "thumbnail_url": "https://darwin.v7labs.com/api/v2/teams/zordiml/files/b30dbafe-0083-4da5-8f1a-23d477d21626/thumbnail",
        "source_files": [
          {
            "file_name": "DSC00786.JPG",
            "url": "https://darwin.v7labs.com/api/v2/teams/zordiml/uploads/0862daaf-ff72-4f81-af67-05d8377d161d"
          }
        ]
      }
    ]
  },
  "annotations": []
}