{
  "version": "2.0",
  "schema_ref": "https://darwin-public.s3.eu-west-1.amazonaws.com/darwin_json_2_0.schema.json",
  "item": {
    "name": "DSC00799.JPG",
    "path": "/",
    "source_info": {
      "dataset": {
        "name": "flower-thrips-20230525",
        "slug": "flower-thrips-20230525",
        "dataset_management_url": "https://darwin.v7labs.com/datasets/646662/dataset-management"
      },
      "item_id": "0188537f-8aef-3850-2a04-ddd0d3ef4a4d",
      "team": {
        "name": "ZordiML",
        "slug": "zordiml"
      },
      "workview_url": "https://darwin.v7labs.com/workview?dataset=646662&item=0188537f-8aef-3850-2a04-ddd0d3ef4a4d"
    },
    "slots": [
      {
        "type": "image",
        "slot_name": "0",
        "width": 6000,
        "height": 4000,
        "thumbnail_url": "https://darwin.v7labs.com/api/v2/teams/zordiml/files/34912499-7aeb-45a2-ac22-c05f2840c5d7/thumbnail",
        "source_files": [
          {
            "file_name": "DSC00799.JPG",
            "url": "https://darwin.v7labs.com/api/v2/teams/zordiml/uploads/0e62020e-e273-4950-8033-c88dad0a138f"
          }
        ]
      }
    ]
  },
  "annotations": []
}