{
  "version": "2.0",
  "schema_ref": "https://darwin-public.s3.eu-west-1.amazonaws.com/darwin_json_2_0.schema.json",
  "item": {
    "name": "DSC00909.JPG",
    "path": "/",
    "source_info": {
      "dataset": {
        "name": "flower-thrips-20230525",
        "slug": "flower-thrips-20230525",
        "dataset_management_url": "https://darwin.v7labs.com/datasets/646662/dataset-management"
      },
      "item_id": "0188537f-8aeb-2545-9233-0542f3f5889f",
      "team": {
        "name": "ZordiML",
        "slug": "zordiml"
      },
      "workview_url": "https://darwin.v7labs.com/workview?dataset=646662&item=0188537f-8aeb-2545-9233-0542f3f5889f"
    },
    "slots": [
      {
        "type": "image",
        "slot_name": "0",
        "width": 6000,
        "height": 4000,
        "thumbnail_url": "https://darwin.v7labs.com/api/v2/teams/zordiml/files/d6999714-0f7b-42db-afdb-f65f10fb99d8/thumbnail",
        "source_files": [
          {
            "file_name": "DSC00909.JPG",
            "url": "https://darwin.v7labs.com/api/v2/teams/zordiml/uploads/5d7c9de6-b291-4587-a39d-121f616db5a4"
          }
        ]
      }
    ]
  },
  "annotations": [
    {
      "annotators": [
        {
          "email": "labeler701@cogitotech.in",
          "full_name": "Moni Sharma"
        }
      ],
      "bounding_box": {
        "h": 126.46,
        "w": 65.3,
        "x": 2882.32,
        "y": 2221.19
      },
      "id": "9d1d224f-c65b-4cff-996c-77329b93e4ad",
      "name": "thrips_mature",
      "reviewers": [
        {
          "email": "labeler748@cogitotech.in",
          "full_name": "Sonali Thakur"
        }
      ],
      "slot_names": [
        "0"
      ],
      "updated_at": "2023-06-06T06:05:37"
    },
    {
      "annotators": [
        {
          "email": "labeler701@cogitotech.in",
          "full_name": "Moni Sharma"
        }
      ],
      "bounding_box": {
        "h": 98.72,
        "w": 89.47,
        "x": 3185.66,
        "y": 1605.51
      },
      "id": "5c3240be-5778-4063-8aea-9555b6a2b855",
      "name": "thrips_mature",
      "reviewers": [
        {
          "email": "labeler748@cogitotech.in",
          "full_name": "Sonali Thakur"
        }
      ],
      "slot_names": [
        "0"
      ],
      "updated_at": "2023-06-06T06:05:46"
    },
    {
      "annotators": [
        {
          "email": "labeler701@cogitotech.in",
          "full_name": "Moni Sharma"
        }
      ],
      "bounding_box": {
        "h": 70.04,
        "w": 21.86,
        "x": 2985.87,
        "y": 1593.05
      },
      "id": "765cff6f-7598-4706-a989-0c9f1dd5ec4d",
      "name": "thrips_mature",
      "reviewers": [
        {
          "email": "labeler748@cogitotech.in",
          "full_name": "Sonali Thakur"
        }
      ],
      "slot_names": [
        "0"
      ],
      "updated_at": "2023-06-06T06:05:50"
    }
  ]
}