{
  "version": "2.0",
  "schema_ref": "https://darwin-public.s3.eu-west-1.amazonaws.com/darwin_json_2_0.schema.json",
  "item": {
    "name": "DSC00925.JPG",
    "path": "/",
    "source_info": {
      "dataset": {
        "name": "flower-thrips-20230525",
        "slug": "flower-thrips-20230525",
        "dataset_management_url": "https://darwin.v7labs.com/datasets/646662/dataset-management"
      },
      "item_id": "0188537f-8aeb-b1c8-d5e6-5c9b8cd2887a",
      "team": {
        "name": "ZordiML",
        "slug": "zordiml"
      },
      "workview_url": "https://darwin.v7labs.com/workview?dataset=646662&item=0188537f-8aeb-b1c8-d5e6-5c9b8cd2887a"
    },
    "slots": [
      {
        "type": "image",
        "slot_name": "0",
        "width": 6000,
        "height": 4000,
        "thumbnail_url": "https://darwin.v7labs.com/api/v2/teams/zordiml/files/1764372c-b128-4c9a-bd94-e598acd1a077/thumbnail",
        "source_files": [
          {
            "file_name": "DSC00925.JPG",
            "url": "https://darwin.v7labs.com/api/v2/teams/zordiml/uploads/df23cfe4-bb64-463e-8d16-eb28b5f03f90"
          }
        ]
      }
    ]
  },
  "annotations": []
}