{
  "version": "2.0",
  "schema_ref": "https://darwin-public.s3.eu-west-1.amazonaws.com/darwin_json_2_0.schema.json",
  "item": {
    "name": "DSC00858.JPG",
    "path": "/",
    "source_info": {
      "dataset": {
        "name": "flower-thrips-20230525",
        "slug": "flower-thrips-20230525",
        "dataset_management_url": "https://darwin.v7labs.com/datasets/646662/dataset-management"
      },
      "item_id": "0188537f-8aed-118d-7b5b-2db93e7fc502",
      "team": {
        "name": "ZordiML",
        "slug": "zordiml"
      },
      "workview_url": "https://darwin.v7labs.com/workview?dataset=646662&item=0188537f-8aed-118d-7b5b-2db93e7fc502"
    },
    "slots": [
      {
        "type": "image",
        "slot_name": "0",
        "width": 6000,
        "height": 4000,
        "thumbnail_url": "https://darwin.v7labs.com/api/v2/teams/zordiml/files/ae9ac52c-00d6-4ca5-8cd2-90d9ffa3ab1b/thumbnail",
        "source_files": [
          {
            "file_name": "DSC00858.JPG",
            "url": "https://darwin.v7labs.com/api/v2/teams/zordiml/uploads/6341f7e4-97d6-44b3-98a6-5eb9bcf2c29a"
          }
        ]
      }
    ]
  },
  "annotations": []
}