{
  "version": "2.0",
  "schema_ref": "https://darwin-public.s3.eu-west-1.amazonaws.com/darwin_json_2_0.schema.json",
  "item": {
    "name": "DSC00918.JPG",
    "path": "/",
    "source_info": {
      "dataset": {
        "name": "flower-thrips-20230525",
        "slug": "flower-thrips-20230525",
        "dataset_management_url": "https://darwin.v7labs.com/datasets/646662/dataset-management"
      },
      "item_id": "0188537f-8aeb-b76e-5870-53b8e3e1b590",
      "team": {
        "name": "ZordiML",
        "slug": "zordiml"
      },
      "workview_url": "https://darwin.v7labs.com/workview?dataset=646662&item=0188537f-8aeb-b76e-5870-53b8e3e1b590"
    },
    "slots": [
      {
        "type": "image",
        "slot_name": "0",
        "width": 6000,
        "height": 4000,
        "thumbnail_url": "https://darwin.v7labs.com/api/v2/teams/zordiml/files/fc051216-68ce-43a5-a427-66131a5bbb94/thumbnail",
        "source_files": [
          {
            "file_name": "DSC00918.JPG",
            "url": "https://darwin.v7labs.com/api/v2/teams/zordiml/uploads/87bdaf05-3050-44d2-a77d-fe9044ad42cd"
          }
        ]
      }
    ]
  },
  "annotations": []
}