{
  "version": "2.0",
  "schema_ref": "https://darwin-public.s3.eu-west-1.amazonaws.com/darwin_json_2_0.schema.json",
  "item": {
    "name": "DSC00642.JPG",
    "path": "/",
    "source_info": {
      "dataset": {
        "name": "flower-thrips-20230525",
        "slug": "flower-thrips-20230525",
        "dataset_management_url": "https://darwin.v7labs.com/datasets/646662/dataset-management"
      },
      "item_id": "0188537f-8af7-2d02-dca4-73845610400e",
      "team": {
        "name": "ZordiML",
        "slug": "zordiml"
      },
      "workview_url": "https://darwin.v7labs.com/workview?dataset=646662&item=0188537f-8af7-2d02-dca4-73845610400e"
    },
    "slots": [
      {
        "type": "image",
        "slot_name": "0",
        "width": 6000,
        "height": 4000,
        "thumbnail_url": "https://darwin.v7labs.com/api/v2/teams/zordiml/files/00a783a6-846c-4d97-afc6-56193b0e91bd/thumbnail",
        "source_files": [
          {
            "file_name": "DSC00642.JPG",
            "url": "https://darwin.v7labs.com/api/v2/teams/zordiml/uploads/7b816de2-6f5a-4910-a80f-400841ad7cba"
          }
        ]
      }
    ]
  },
  "annotations": [
    {
      "annotators": [
        {
          "email": "labeler714@cogitotech.in",
          "full_name": "Ravinder Yadav"
        },
        {
          "email": "youngsun@zordi.com",
          "full_name": "Youngsun Kim"
        }
      ],
      "bounding_box": {
        "h": 71.0,
        "w": 41.84,
        "x": 2041.61,
        "y": 2239.95
      },
      "id": "028cf755-7e71-4d9e-89b6-4f677560473a",
      "name": "thrips_mature",
      "reviewers": [
        {
          "email": "youngsun@zordi.com",
          "full_name": "Youngsun Kim"
        },
        {
          "email": "labeler702@cogitotech.in",
          "full_name": "Rahul Kumar (3)"
        }
      ],
      "slot_names": [
        "0"
      ],
      "updated_at": "2023-06-01T12:30:56"
    },
    {
      "annotators": [
        {
          "email": "labeler714@cogitotech.in",
          "full_name": "Ravinder Yadav"
        },
        {
          "email": "youngsun@zordi.com",
          "full_name": "Youngsun Kim"
        }
      ],
      "bounding_box": {
        "h": 74.91,
        "w": 160.75,
        "x": 3177.15,
        "y": 2358.09
      },
      "id": "5489eec4-65ea-4658-b3de-35d424c1029b",
      "name": "thrips_mature",
      "reviewers": [
        {
          "email": "labeler702@cogitotech.in",
          "full_name": "Rahul Kumar (3)"
        },
        {
          "email": "youngsun@zordi.com",
          "full_name": "Youngsun Kim"
        }
      ],
      "slot_names": [
        "0"
      ],
      "updated_at": "2023-06-01T12:31:01"
    },
    {
      "annotators": [
        {
          "email": "labeler714@cogitotech.in",
          "full_name": "Ravinder Yadav"
        },
        {
          "email": "labeler702@cogitotech.in",
          "full_name": "Rahul Kumar (3)"
        },
        {
          "email": "youngsun@zordi.com",
          "full_name": "Youngsun Kim"
        }
      ],
      "bounding_box": {
        "h": 181.53,
        "w": 158.53,
        "x": 2573.72,
        "y": 1501.01
      },
      "id": "b660981d-77af-4489-bea8-7a571dea8f15",
      "name": "thrips_mature",
      "reviewers": [
        {
          "email": "labeler702@cogitotech.in",
          "full_name": "Rahul Kumar (3)"
        },
        {
          "email": "youngsun@zordi.com",
          "full_name": "Youngsun Kim"
        }
      ],
      "slot_names": [
        "0"
      ],
      "updated_at": "2023-06-01T12:30:53"
    },
    {
      "annotators": [
        {
          "email": "labeler714@cogitotech.in",
          "full_name": "Ravinder Yadav"
        },
        {
          "email": "youngsun@zordi.com",
          "full_name": "Youngsun Kim"
        }
      ],
      "bounding_box": {
        "h": 72.01,
        "w": 66.1,
        "x": 3326.72,
        "y": 1739.85
      },
      "id": "c72eb451-5f1e-4aae-b14c-e0634de2b6db",
      "name": "thrips_young",
      "reviewers": [
        {
          "email": "labeler702@cogitotech.in",
          "full_name": "Rahul Kumar (3)"
        },
        {
          "email": "youngsun@zordi.com",
          "full_name": "Youngsun Kim"
        }
      ],
      "slot_names": [
        "0"
      ],
      "updated_at": "2023-06-01T12:31:10"
    }
  ]
}