{
  "version": "2.0",
  "schema_ref": "https://darwin-public.s3.eu-west-1.amazonaws.com/darwin_json_2_0.schema.json",
  "item": {
    "name": "DSC00697.JPG",
    "path": "/",
    "source_info": {
      "dataset": {
        "name": "flower-thrips-20230525",
        "slug": "flower-thrips-20230525",
        "dataset_management_url": "https://darwin.v7labs.com/datasets/646662/dataset-management"
      },
      "item_id": "0188537f-8af4-09d5-82a1-827b7528a31f",
      "team": {
        "name": "ZordiML",
        "slug": "zordiml"
      },
      "workview_url": "https://darwin.v7labs.com/workview?dataset=646662&item=0188537f-8af4-09d5-82a1-827b7528a31f"
    },
    "slots": [
      {
        "type": "image",
        "slot_name": "0",
        "width": 6000,
        "height": 4000,
        "thumbnail_url": "https://darwin.v7labs.com/api/v2/teams/zordiml/files/a59852d3-ea3a-47f3-8007-299a4887dac4/thumbnail",
        "source_files": [
          {
            "file_name": "DSC00697.JPG",
            "url": "https://darwin.v7labs.com/api/v2/teams/zordiml/uploads/560b75bf-a69d-474a-8fad-ed4f65d09feb"
          }
        ]
      }
    ]
  },
  "annotations": []
}