{
  "version": "2.0",
  "schema_ref": "https://darwin-public.s3.eu-west-1.amazonaws.com/darwin_json_2_0.schema.json",
  "item": {
    "name": "DSC00893.JPG",
    "path": "/",
    "source_info": {
      "dataset": {
        "name": "flower-thrips-20230525",
        "slug": "flower-thrips-20230525",
        "dataset_management_url": "https://darwin.v7labs.com/datasets/646662/dataset-management"
      },
      "item_id": "0188537f-8aec-717a-a1b3-152d73a28c5b",
      "team": {
        "name": "ZordiML",
        "slug": "zordiml"
      },
      "workview_url": "https://darwin.v7labs.com/workview?dataset=646662&item=0188537f-8aec-717a-a1b3-152d73a28c5b"
    },
    "slots": [
      {
        "type": "image",
        "slot_name": "0",
        "width": 6000,
        "height": 4000,
        "thumbnail_url": "https://darwin.v7labs.com/api/v2/teams/zordiml/files/b4cc4208-e946-4d66-8550-e5c47d0a8472/thumbnail",
        "source_files": [
          {
            "file_name": "DSC00893.JPG",
            "url": "https://darwin.v7labs.com/api/v2/teams/zordiml/uploads/dafe9051-fa79-4647-9dd0-2417a9006445"
          }
        ]
      }
    ]
  },
  "annotations": []
}