{
  "version": "2.0",
  "schema_ref": "https://darwin-public.s3.eu-west-1.amazonaws.com/darwin_json_2_0.schema.json",
  "item": {
    "name": "DSC00709.JPG",
    "path": "/",
    "source_info": {
      "dataset": {
        "name": "flower-thrips-20230525",
        "slug": "flower-thrips-20230525",
        "dataset_management_url": "https://darwin.v7labs.com/datasets/646662/dataset-management"
      },
      "item_id": "0188537f-8af3-83ba-76f1-c5b0dd9d350c",
      "team": {
        "name": "ZordiML",
        "slug": "zordiml"
      },
      "workview_url": "https://darwin.v7labs.com/workview?dataset=646662&item=0188537f-8af3-83ba-76f1-c5b0dd9d350c"
    },
    "slots": [
      {
        "type": "image",
        "slot_name": "0",
        "width": 6000,
        "height": 4000,
        "thumbnail_url": "https://darwin.v7labs.com/api/v2/teams/zordiml/files/0d28839d-7a10-43df-aa95-5ee3a9e1f9f3/thumbnail",
        "source_files": [
          {
            "file_name": "DSC00709.JPG",
            "url": "https://darwin.v7labs.com/api/v2/teams/zordiml/uploads/53b13da5-f9e6-4874-b888-adfe156bdf5f"
          }
        ]
      }
    ]
  },
  "annotations": [
    {
      "annotators": [
        {
          "email": "labeler701@cogitotech.in",
          "full_name": "Moni Sharma"
        }
      ],
      "bounding_box": {
        "h": 48.85,
        "w": 29.92,
        "x": 3217.03,
        "y": 2413.02
      },
      "id": "8e851aa6-ebf1-45b7-9ae5-67b66d316143",
      "name": "thrips_young",
      "reviewers": [
        {
          "email": "youngsun@zordi.com",
          "full_name": "Youngsun Kim"
        },
        {
          "email": "labeler748@cogitotech.in",
          "full_name": "Sonali Thakur"
        }
      ],
      "slot_names": [
        "0"
      ],
      "updated_at": "2023-06-05T12:12:13"
    },
    {
      "annotators": [
        {
          "email": "labeler701@cogitotech.in",
          "full_name": "Moni Sharma"
        }
      ],
      "bounding_box": {
        "h": 36.03,
        "w": 58.62,
        "x": 3403.27,
        "y": 2190.14
      },
      "id": "2a854005-6b33-4c8c-ac94-59cf86fea271",
      "name": "thrips_young",
      "reviewers": [
        {
          "email": "labeler748@cogitotech.in",
          "full_name": "Sonali Thakur"
        },
        {
          "email": "youngsun@zordi.com",
          "full_name": "Youngsun Kim"
        }
      ],
      "slot_names": [
        "0"
      ],
      "updated_at": "2023-06-05T12:12:33"
    },
    {
      "annotators": [
        {
          "email": "labeler701@cogitotech.in",
          "full_name": "Moni Sharma"
        },
        {
          "email": "labeler748@cogitotech.in",
          "full_name": "Sonali Thakur"
        }
      ],
      "bounding_box": {
        "h": 76.12,
        "w": 61.75,
        "x": 3115.61,
        "y": 1898.08
      },
      "id": "53b94d2a-6cf5-49d2-8f62-8207f2baa253",
      "name": "thrips_young",
      "reviewers": [
        {
          "email": "labeler748@cogitotech.in",
          "full_name": "Sonali Thakur"
        },
        {
          "email": "youngsun@zordi.com",
          "full_name": "Youngsun Kim"
        }
      ],
      "slot_names": [
        "0"
      ],
      "updated_at": "2023-06-06T09:32:58"
    },
    {
      "annotators": [
        {
          "email": "youngsun@zordi.com",
          "full_name": "Youngsun Kim"
        }
      ],
      "bounding_box": {
        "h": 43.71,
        "w": 26.66,
        "x": 2526.01,
        "y": 2023.77
      },
      "id": "4663921d-6ce3-45e9-ba38-871a628b08d5",
      "name": "thrips_young",
      "reviewers": [
        {
          "email": "youngsun@zordi.com",
          "full_name": "Youngsun Kim"
        }
      ],
      "slot_names": [
        "0"
      ],
      "updated_at": "2023-06-06T20:16:04"
    },
    {
      "annotators": [
        {
          "email": "youngsun@zordi.com",
          "full_name": "Youngsun Kim"
        }
      ],
      "bounding_box": {
        "h": 28.75,
        "w": 23.88,
        "x": 2985.45,
        "y": 2159.79
      },
      "id": "8940d54c-3b1d-414c-a657-0631d409bc4e",
      "name": "thrips_young",
      "reviewers": [
        {
          "email": "youngsun@zordi.com",
          "full_name": "Youngsun Kim"
        }
      ],
      "slot_names": [
        "0"
      ],
      "updated_at": "2023-06-06T20:16:19"
    },
    {
      "annotators": [
        {
          "email": "youngsun@zordi.com",
          "full_name": "Youngsun Kim"
        }
      ],
      "bounding_box": {
        "h": 27.05,
        "w": 32.99,
        "x": 2947.08,
        "y": 1936.24
      },
      "id": "088c3a73-bd4b-49ad-bb58-bae36b77d4cc",
      "name": "other_insect",
      "reviewers": [
        {
          "email": "youngsun@zordi.com",
          "full_name": "Youngsun Kim"
        }
      ],
      "slot_names": [
        "0"
      ],
      "updated_at": "2023-06-06T20:17:06"
    },
    {
      "annotators": [
        {
          "email": "youngsun@zordi.com",
          "full_name": "Youngsun Kim"
        }
      ],
      "bounding_box": {
        "h": 44.74,
        "w": 31.47,
        "x": 2739.01,
        "y": 1916.62
      },
      "id": "918b8492-a26c-4658-b5ad-793845076129",
      "name": "thrips_young",
      "reviewers": [
        {
          "email": "youngsun@zordi.com",
          "full_name": "Youngsun Kim"
        }
      ],
      "slot_names": [
        "0"
      ],
      "updated_at": "2023-06-06T20:17:30"
    }
  ]
}