{
  "version": "2.0",
  "schema_ref": "https://darwin-public.s3.eu-west-1.amazonaws.com/darwin_json_2_0.schema.json",
  "item": {
    "name": "DSC00820.JPG",
    "path": "/",
    "source_info": {
      "dataset": {
        "name": "flower-thrips-20230525",
        "slug": "flower-thrips-20230525",
        "dataset_management_url": "https://darwin.v7labs.com/datasets/646662/dataset-management"
      },
      "item_id": "0188537f-8aef-e494-69d3-1ef083546bd9",
      "team": {
        "name": "ZordiML",
        "slug": "zordiml"
      },
      "workview_url": "https://darwin.v7labs.com/workview?dataset=646662&item=0188537f-8aef-e494-69d3-1ef083546bd9"
    },
    "slots": [
      {
        "type": "image",
        "slot_name": "0",
        "width": 6000,
        "height": 4000,
        "thumbnail_url": "https://darwin.v7labs.com/api/v2/teams/zordiml/files/4b79ce8e-e5c0-4171-a44f-3ded0b930adf/thumbnail",
        "source_files": [
          {
            "file_name": "DSC00820.JPG",
            "url": "https://darwin.v7labs.com/api/v2/teams/zordiml/uploads/5b8f4f68-416f-4f26-8387-1241b82558f3"
          }
        ]
      }
    ]
  },
  "annotations": []
}