{
  "version": "2.0",
  "schema_ref": "https://darwin-public.s3.eu-west-1.amazonaws.com/darwin_json_2_0.schema.json",
  "item": {
    "name": "DSC00749.JPG",
    "path": "/",
    "source_info": {
      "dataset": {
        "name": "flower-thrips-20230525",
        "slug": "flower-thrips-20230525",
        "dataset_management_url": "https://darwin.v7labs.com/datasets/646662/dataset-management"
      },
      "item_id": "0188537f-8af1-7ec5-ef21-20432d1917ce",
      "team": {
        "name": "ZordiML",
        "slug": "zordiml"
      },
      "workview_url": "https://darwin.v7labs.com/workview?dataset=646662&item=0188537f-8af1-7ec5-ef21-20432d1917ce"
    },
    "slots": [
      {
        "type": "image",
        "slot_name": "0",
        "width": 6000,
        "height": 4000,
        "thumbnail_url": "https://darwin.v7labs.com/api/v2/teams/zordiml/files/b791bb48-d5a0-4e80-9b3c-ebee34514e33/thumbnail",
        "source_files": [
          {
            "file_name": "DSC00749.JPG",
            "url": "https://darwin.v7labs.com/api/v2/teams/zordiml/uploads/66c0ed71-e6cc-4d86-9ca2-2c5c1938b4ae"
          }
        ]
      }
    ]
  },
  "annotations": []
}