{
  "version": "2.0",
  "schema_ref": "https://darwin-public.s3.eu-west-1.amazonaws.com/darwin_json_2_0.schema.json",
  "item": {
    "name": "DSC00753.JPG",
    "path": "/",
    "source_info": {
      "dataset": {
        "name": "flower-thrips-20230525",
        "slug": "flower-thrips-20230525",
        "dataset_management_url": "https://darwin.v7labs.com/datasets/646662/dataset-management"
      },
      "item_id": "0188537f-8af1-fd37-300b-e85080782648",
      "team": {
        "name": "ZordiML",
        "slug": "zordiml"
      },
      "workview_url": "https://darwin.v7labs.com/workview?dataset=646662&item=0188537f-8af1-fd37-300b-e85080782648"
    },
    "slots": [
      {
        "type": "image",
        "slot_name": "0",
        "width": 6000,
        "height": 4000,
        "thumbnail_url": "https://darwin.v7labs.com/api/v2/teams/zordiml/files/990d3546-1e5d-4c7a-b5fe-72f972f21d8b/thumbnail",
        "source_files": [
          {
            "file_name": "DSC00753.JPG",
            "url": "https://darwin.v7labs.com/api/v2/teams/zordiml/uploads/f7d374f6-4c75-46c2-8fa9-f83a138ec2f3"
          }
        ]
      }
    ]
  },
  "annotations": [
    {
      "annotators": [
        {
          "email": "labeler706@cogitotech.in",
          "full_name": "Shayena Hashmi"
        }
      ],
      "bounding_box": {
        "h": 110.76,
        "w": 75.63,
        "x": 2961.05,
        "y": 2313.48
      },
      "id": "5baef3c7-abfb-47c5-914c-94d90832302e",
      "name": "thrips_mature",
      "reviewers": [
        {
          "email": "labeler748@cogitotech.in",
          "full_name": "Sonali Thakur"
        },
        {
          "email": "youngsun@zordi.com",
          "full_name": "Youngsun Kim"
        }
      ],
      "slot_names": [
        "0"
      ],
      "updated_at": "2023-06-06T04:00:05"
    },
    {
      "annotators": [
        {
          "email": "labeler706@cogitotech.in",
          "full_name": "Shayena Hashmi"
        }
      ],
      "bounding_box": {
        "h": 33.66,
        "w": 30.41,
        "x": 3263.62,
        "y": 1846.17
      },
      "id": "488ad5b4-15f0-4ae9-b484-3d74706bb64d",
      "name": "thrips_mature",
      "reviewers": [
        {
          "email": "youngsun@zordi.com",
          "full_name": "Youngsun Kim"
        },
        {
          "email": "labeler748@cogitotech.in",
          "full_name": "Sonali Thakur"
        }
      ],
      "slot_names": [
        "0"
      ],
      "updated_at": "2023-06-06T04:00:20"
    },
    {
      "annotators": [
        {
          "email": "labeler706@cogitotech.in",
          "full_name": "Shayena Hashmi"
        }
      ],
      "bounding_box": {
        "h": 92.98,
        "w": 143.82,
        "x": 2337.52,
        "y": 2072.73
      },
      "id": "e1b607e9-e08b-4a03-b03e-44a0a014d85b",
      "name": "thrips_mature",
      "reviewers": [
        {
          "email": "youngsun@zordi.com",
          "full_name": "Youngsun Kim"
        },
        {
          "email": "labeler748@cogitotech.in",
          "full_name": "Sonali Thakur"
        }
      ],
      "slot_names": [
        "0"
      ],
      "updated_at": "2023-06-06T04:00:34"
    },
    {
      "annotators": [
        {
          "email": "labeler706@cogitotech.in",
          "full_name": "Shayena Hashmi"
        },
        {
          "email": "youngsun@zordi.com",
          "full_name": "Youngsun Kim"
        }
      ],
      "bounding_box": {
        "h": 23.19,
        "w": 45.96,
        "x": 1957.76,
        "y": 3519.5
      },
      "id": "a2d7e0fa-e564-4fa9-8ea4-643bd491a81d",
      "name": "other_insect",
      "reviewers": [
        {
          "email": "labeler748@cogitotech.in",
          "full_name": "Sonali Thakur"
        },
        {
          "email": "youngsun@zordi.com",
          "full_name": "Youngsun Kim"
        }
      ],
      "slot_names": [
        "0"
      ],
      "updated_at": "2023-06-06T21:30:57"
    }
  ]
}