{
  "version": "2.0",
  "schema_ref": "https://darwin-public.s3.eu-west-1.amazonaws.com/darwin_json_2_0.schema.json",
  "item": {
    "name": "DSC00882.JPG",
    "path": "/",
    "source_info": {
      "dataset": {
        "name": "flower-thrips-20230525",
        "slug": "flower-thrips-20230525",
        "dataset_management_url": "https://darwin.v7labs.com/datasets/646662/dataset-management"
      },
      "item_id": "0188537f-8aec-bd1b-c2a9-e5e838ffa05e",
      "team": {
        "name": "ZordiML",
        "slug": "zordiml"
      },
      "workview_url": "https://darwin.v7labs.com/workview?dataset=646662&item=0188537f-8aec-bd1b-c2a9-e5e838ffa05e"
    },
    "slots": [
      {
        "type": "image",
        "slot_name": "0",
        "width": 6000,
        "height": 4000,
        "thumbnail_url": "https://darwin.v7labs.com/api/v2/teams/zordiml/files/bf2e8fe7-b3f2-4f60-ada3-a3b7952c3b5e/thumbnail",
        "source_files": [
          {
            "file_name": "DSC00882.JPG",
            "url": "https://darwin.v7labs.com/api/v2/teams/zordiml/uploads/3733f7f5-54bf-4e46-bb6b-846a66076504"
          }
        ]
      }
    ]
  },
  "annotations": [
    {
      "annotators": [
        {
          "email": "labeler701@cogitotech.in",
          "full_name": "Moni Sharma"
        }
      ],
      "bounding_box": {
        "h": 47.93,
        "w": 106.86,
        "x": 3327.65,
        "y": 2477.68
      },
      "id": "45b26b3b-b5c2-483c-8da0-2ceee85fdb84",
      "name": "thrips_young",
      "reviewers": [
        {
          "email": "labeler748@cogitotech.in",
          "full_name": "Sonali Thakur"
        }
      ],
      "slot_names": [
        "0"
      ],
      "updated_at": "2023-06-06T04:54:26"
    },
    {
      "annotators": [
        {
          "email": "labeler701@cogitotech.in",
          "full_name": "Moni Sharma"
        }
      ],
      "bounding_box": {
        "h": 77.0,
        "w": 52.64,
        "x": 3770.8,
        "y": 2384.96
      },
      "id": "dd80af10-ac0f-469a-bf09-6033a4ec0cc0",
      "name": "thrips_young",
      "reviewers": [
        {
          "email": "labeler748@cogitotech.in",
          "full_name": "Sonali Thakur"
        }
      ],
      "slot_names": [
        "0"
      ],
      "updated_at": "2023-06-06T04:54:28"
    },
    {
      "annotators": [
        {
          "email": "labeler701@cogitotech.in",
          "full_name": "Moni Sharma"
        }
      ],
      "bounding_box": {
        "h": 80.14,
        "w": 156.36,
        "x": 3556.29,
        "y": 2539.75
      },
      "id": "0d451093-4d24-4520-96f0-2b35c4ace798",
      "name": "thrips_mature",
      "reviewers": [
        {
          "email": "labeler748@cogitotech.in",
          "full_name": "Sonali Thakur"
        }
      ],
      "slot_names": [
        "0"
      ],
      "updated_at": "2023-06-06T04:54:33"
    },
    {
      "annotators": [
        {
          "email": "labeler701@cogitotech.in",
          "full_name": "Moni Sharma"
        }
      ],
      "bounding_box": {
        "h": 54.78,
        "w": 43.04,
        "x": 3362.65,
        "y": 2315.79
      },
      "id": "601622d0-0989-4ae1-a9a8-f71cf70c1bad",
      "name": "thrips_young",
      "reviewers": [
        {
          "email": "labeler748@cogitotech.in",
          "full_name": "Sonali Thakur"
        }
      ],
      "slot_names": [
        "0"
      ],
      "updated_at": "2023-06-06T04:54:56"
    },
    {
      "annotators": [
        {
          "email": "labeler748@cogitotech.in",
          "full_name": "Sonali Thakur"
        }
      ],
      "bounding_box": {
        "h": 86.94,
        "w": 73.11,
        "x": 3071.44,
        "y": 2126.93
      },
      "id": "1739442a-5e9b-4f7d-b455-812d16feb898",
      "name": "thrips_young",
      "reviewers": [
        {
          "email": "labeler748@cogitotech.in",
          "full_name": "Sonali Thakur"
        }
      ],
      "slot_names": [
        "0"
      ],
      "updated_at": "2023-06-07T09:42:51"
    }
  ]
}