{
  "version": "2.0",
  "schema_ref": "https://darwin-public.s3.eu-west-1.amazonaws.com/darwin_json_2_0.schema.json",
  "item": {
    "name": "DSC00869.JPG",
    "path": "/",
    "source_info": {
      "dataset": {
        "name": "flower-thrips-20230525",
        "slug": "flower-thrips-20230525",
        "dataset_management_url": "https://darwin.v7labs.com/datasets/646662/dataset-management"
      },
      "item_id": "0188537f-8aed-d364-7c84-d706a49bc506",
      "team": {
        "name": "ZordiML",
        "slug": "zordiml"
      },
      "workview_url": "https://darwin.v7labs.com/workview?dataset=646662&item=0188537f-8aed-d364-7c84-d706a49bc506"
    },
    "slots": [
      {
        "type": "image",
        "slot_name": "0",
        "width": 6000,
        "height": 4000,
        "thumbnail_url": "https://darwin.v7labs.com/api/v2/teams/zordiml/files/a0ce119a-162f-42c9-942b-706c3fd93655/thumbnail",
        "source_files": [
          {
            "file_name": "DSC00869.JPG",
            "url": "https://darwin.v7labs.com/api/v2/teams/zordiml/uploads/f89ea12b-4179-474e-bc33-408dd501330c"
          }
        ]
      }
    ]
  },
  "annotations": []
}