{
  "version": "2.0",
  "schema_ref": "https://darwin-public.s3.eu-west-1.amazonaws.com/darwin_json_2_0.schema.json",
  "item": {
    "name": "DSC00860.JPG",
    "path": "/",
    "source_info": {
      "dataset": {
        "name": "flower-thrips-20230525",
        "slug": "flower-thrips-20230525",
        "dataset_management_url": "https://darwin.v7labs.com/datasets/646662/dataset-management"
      },
      "item_id": "0188537f-8aed-3d8f-a61b-03ec914613e9",
      "team": {
        "name": "ZordiML",
        "slug": "zordiml"
      },
      "workview_url": "https://darwin.v7labs.com/workview?dataset=646662&item=0188537f-8aed-3d8f-a61b-03ec914613e9"
    },
    "slots": [
      {
        "type": "image",
        "slot_name": "0",
        "width": 6000,
        "height": 4000,
        "thumbnail_url": "https://darwin.v7labs.com/api/v2/teams/zordiml/files/da478464-f3e6-4361-9866-1a1417b04ffa/thumbnail",
        "source_files": [
          {
            "file_name": "DSC00860.JPG",
            "url": "https://darwin.v7labs.com/api/v2/teams/zordiml/uploads/cfcdc0af-849f-48b2-b185-f8bb9e915f05"
          }
        ]
      }
    ]
  },
  "annotations": []
}