{
  "version": "2.0",
  "schema_ref": "https://darwin-public.s3.eu-west-1.amazonaws.com/darwin_json_2_0.schema.json",
  "item": {
    "name": "DSC00668.JPG",
    "path": "/",
    "source_info": {
      "dataset": {
        "name": "flower-thrips-20230525",
        "slug": "flower-thrips-20230525",
        "dataset_management_url": "https://darwin.v7labs.com/datasets/646662/dataset-management"
      },
      "item_id": "0188537f-8af6-b63d-345d-8b1b01474c2a",
      "team": {
        "name": "ZordiML",
        "slug": "zordiml"
      },
      "workview_url": "https://darwin.v7labs.com/workview?dataset=646662&item=0188537f-8af6-b63d-345d-8b1b01474c2a"
    },
    "slots": [
      {
        "type": "image",
        "slot_name": "0",
        "width": 6000,
        "height": 4000,
        "thumbnail_url": "https://darwin.v7labs.com/api/v2/teams/zordiml/files/43fcad67-b6b6-4db3-bedb-03d8a5c4229b/thumbnail",
        "source_files": [
          {
            "file_name": "DSC00668.JPG",
            "url": "https://darwin.v7labs.com/api/v2/teams/zordiml/uploads/e8d24be6-2460-4ba0-913d-f227c367d979"
          }
        ]
      }
    ]
  },
  "annotations": [
    {
      "annotators": [
        {
          "email": "labeler714@cogitotech.in",
          "full_name": "Ravinder Yadav"
        },
        {
          "email": "youngsun@zordi.com",
          "full_name": "Youngsun Kim"
        }
      ],
      "bounding_box": {
        "h": 88.99,
        "w": 139.87,
        "x": 3265.77,
        "y": 2453.4
      },
      "id": "e84e0b89-4782-4b0a-bee3-cf5985d7bca0",
      "name": "thrips_mature",
      "reviewers": [
        {
          "email": "labeler702@cogitotech.in",
          "full_name": "Rahul Kumar (3)"
        },
        {
          "email": "youngsun@zordi.com",
          "full_name": "Youngsun Kim"
        }
      ],
      "slot_names": [
        "0"
      ],
      "updated_at": "2023-06-01T12:31:19"
    }
  ]
}