{
  "version": "2.0",
  "schema_ref": "https://darwin-public.s3.eu-west-1.amazonaws.com/darwin_json_2_0.schema.json",
  "item": {
    "name": "DSC00670.JPG",
    "path": "/",
    "source_info": {
      "dataset": {
        "name": "flower-thrips-20230525",
        "slug": "flower-thrips-20230525",
        "dataset_management_url": "https://darwin.v7labs.com/datasets/646662/dataset-management"
      },
      "item_id": "0188537f-8af6-938c-12c2-37ed895f0f08",
      "team": {
        "name": "ZordiML",
        "slug": "zordiml"
      },
      "workview_url": "https://darwin.v7labs.com/workview?dataset=646662&item=0188537f-8af6-938c-12c2-37ed895f0f08"
    },
    "slots": [
      {
        "type": "image",
        "slot_name": "0",
        "width": 6000,
        "height": 4000,
        "thumbnail_url": "https://darwin.v7labs.com/api/v2/teams/zordiml/files/19c6aac7-459a-40f1-87d6-c6304e74cc54/thumbnail",
        "source_files": [
          {
            "file_name": "DSC00670.JPG",
            "url": "https://darwin.v7labs.com/api/v2/teams/zordiml/uploads/8e969865-881a-45c8-82ce-f2567d60725c"
          }
        ]
      }
    ]
  },
  "annotations": [
    {
      "annotators": [
        {
          "email": "labeler714@cogitotech.in",
          "full_name": "Ravinder Yadav"
        },
        {
          "email": "youngsun@zordi.com",
          "full_name": "Youngsun Kim"
        }
      ],
      "bounding_box": {
        "h": 131.62,
        "w": 66.14,
        "x": 3752.29,
        "y": 2249.67
      },
      "id": "0a5b5154-f196-4d59-8ab4-9c51c15ff0c3",
      "name": "thrips_mature",
      "reviewers": [
        {
          "email": "labeler702@cogitotech.in",
          "full_name": "Rahul Kumar (3)"
        },
        {
          "email": "youngsun@zordi.com",
          "full_name": "Youngsun Kim"
        }
      ],
      "slot_names": [
        "0"
      ],
      "updated_at": "2023-06-01T12:32:05"
    },
    {
      "annotators": [
        {
          "email": "labeler714@cogitotech.in",
          "full_name": "Ravinder Yadav"
        },
        {
          "email": "youngsun@zordi.com",
          "full_name": "Youngsun Kim"
        }
      ],
      "bounding_box": {
        "h": 68.49,
        "w": 160.09,
        "x": 3096.79,
        "y": 2221.39
      },
      "id": "e4c4d657-cb91-4199-9d20-989f704e2760",
      "name": "thrips_mature",
      "reviewers": [
        {
          "email": "labeler702@cogitotech.in",
          "full_name": "Rahul Kumar (3)"
        },
        {
          "email": "youngsun@zordi.com",
          "full_name": "Youngsun Kim"
        }
      ],
      "slot_names": [
        "0"
      ],
      "updated_at": "2023-06-01T12:31:57"
    },
    {
      "annotators": [
        {
          "email": "labeler714@cogitotech.in",
          "full_name": "Ravinder Yadav"
        },
        {
          "email": "youngsun@zordi.com",
          "full_name": "Youngsun Kim"
        }
      ],
      "bounding_box": {
        "h": 97.91,
        "w": 107.15,
        "x": 2472.84,
        "y": 2078.78
      },
      "id": "3a324de1-36d6-4f00-af84-cdda0ad1167c",
      "name": "thrips_mature",
      "reviewers": [
        {
          "email": "youngsun@zordi.com",
          "full_name": "Youngsun Kim"
        },
        {
          "email": "labeler702@cogitotech.in",
          "full_name": "Rahul Kumar (3)"
        }
      ],
      "slot_names": [
        "0"
      ],
      "updated_at": "2023-06-01T12:31:42"
    },
    {
      "annotators": [
        {
          "email": "labeler714@cogitotech.in",
          "full_name": "Ravinder Yadav"
        },
        {
          "email": "youngsun@zordi.com",
          "full_name": "Youngsun Kim"
        }
      ],
      "bounding_box": {
        "h": 46.56,
        "w": 56.13,
        "x": 2728.11,
        "y": 1991.6
      },
      "id": "ffa57a4e-2451-48f2-bc1e-741878de0a46",
      "name": "thrips_mature",
      "reviewers": [
        {
          "email": "youngsun@zordi.com",
          "full_name": "Youngsun Kim"
        },
        {
          "email": "labeler702@cogitotech.in",
          "full_name": "Rahul Kumar (3)"
        }
      ],
      "slot_names": [
        "0"
      ],
      "updated_at": "2023-06-01T12:31:44"
    },
    {
      "annotators": [
        {
          "email": "youngsun@zordi.com",
          "full_name": "Youngsun Kim"
        },
        {
          "email": "labeler714@cogitotech.in",
          "full_name": "Ravinder Yadav"
        }
      ],
      "bounding_box": {
        "h": 128.81,
        "w": 25.24,
        "x": 3138.2,
        "y": 1500.74
      },
      "id": "08904e31-97c0-4b7a-b2f0-de37ad0ec1fe",
      "name": "thrips_mature",
      "reviewers": [
        {
          "email": "youngsun@zordi.com",
          "full_name": "Youngsun Kim"
        },
        {
          "email": "labeler702@cogitotech.in",
          "full_name": "Rahul Kumar (3)"
        }
      ],
      "slot_names": [
        "0"
      ],
      "updated_at": "2023-06-01T12:31:51"
    },
    {
      "annotators": [
        {
          "email": "labeler714@cogitotech.in",
          "full_name": "Ravinder Yadav"
        },
        {
          "email": "youngsun@zordi.com",
          "full_name": "Youngsun Kim"
        }
      ],
      "bounding_box": {
        "h": 120.1,
        "w": 43.52,
        "x": 3113.83,
        "y": 1629.98
      },
      "id": "536957cb-e618-4124-acec-ae3bf9464541",
      "name": "thrips_mature",
      "reviewers": [
        {
          "email": "labeler702@cogitotech.in",
          "full_name": "Rahul Kumar (3)"
        },
        {
          "email": "youngsun@zordi.com",
          "full_name": "Youngsun Kim"
        }
      ],
      "slot_names": [
        "0"
      ],
      "updated_at": "2023-06-01T12:31:48"
    },
    {
      "annotators": [
        {
          "email": "labeler714@cogitotech.in",
          "full_name": "Ravinder Yadav"
        },
        {
          "email": "labeler702@cogitotech.in",
          "full_name": "Rahul Kumar (3)"
        },
        {
          "email": "youngsun@zordi.com",
          "full_name": "Youngsun Kim"
        }
      ],
      "bounding_box": {
        "h": 70.38,
        "w": 40.28,
        "x": 3409.8,
        "y": 1764.49
      },
      "id": "dd04db6f-603b-4009-a192-c585a4d1e35d",
      "name": "thrips_mature",
      "reviewers": [
        {
          "email": "labeler702@cogitotech.in",
          "full_name": "Rahul Kumar (3)"
        },
        {
          "email": "youngsun@zordi.com",
          "full_name": "Youngsun Kim"
        }
      ],
      "slot_names": [
        "0"
      ],
      "updated_at": "2023-06-01T12:31:54"
    },
    {
      "annotators": [
        {
          "email": "labeler714@cogitotech.in",
          "full_name": "Ravinder Yadav"
        },
        {
          "email": "youngsun@zordi.com",
          "full_name": "Youngsun Kim"
        }
      ],
      "bounding_box": {
        "h": 112.28,
        "w": 64.28,
        "x": 3239.95,
        "y": 2350.64
      },
      "id": "18ee916c-8a95-4a5c-b393-aafcc996dd61",
      "name": "thrips_mature",
      "reviewers": [
        {
          "email": "youngsun@zordi.com",
          "full_name": "Youngsun Kim"
        },
        {
          "email": "labeler702@cogitotech.in",
          "full_name": "Rahul Kumar (3)"
        }
      ],
      "slot_names": [
        "0"
      ],
      "updated_at": "2023-06-01T12:32:01"
    },
    {
      "annotators": [
        {
          "email": "labeler714@cogitotech.in",
          "full_name": "Ravinder Yadav"
        },
        {
          "email": "youngsun@zordi.com",
          "full_name": "Youngsun Kim"
        }
      ],
      "bounding_box": {
        "h": 52.33,
        "w": 155.96,
        "x": 3180.04,
        "y": 3462.68
      },
      "id": "d4429477-285c-4b62-97fc-47592b2754e2",
      "name": "thrips_mature",
      "reviewers": [
        {
          "email": "youngsun@zordi.com",
          "full_name": "Youngsun Kim"
        },
        {
          "email": "labeler702@cogitotech.in",
          "full_name": "Rahul Kumar (3)"
        }
      ],
      "slot_names": [
        "0"
      ],
      "updated_at": "2023-06-01T12:32:12"
    }
  ]
}