{
  "version": "2.0",
  "schema_ref": "https://darwin-public.s3.eu-west-1.amazonaws.com/darwin_json_2_0.schema.json",
  "item": {
    "name": "DSC00822.JPG",
    "path": "/",
    "source_info": {
      "dataset": {
        "name": "flower-thrips-20230525",
        "slug": "flower-thrips-20230525",
        "dataset_management_url": "https://darwin.v7labs.com/datasets/646662/dataset-management"
      },
      "item_id": "0188537f-8aef-69a5-b48d-5dcf3bf752a6",
      "team": {
        "name": "ZordiML",
        "slug": "zordiml"
      },
      "workview_url": "https://darwin.v7labs.com/workview?dataset=646662&item=0188537f-8aef-69a5-b48d-5dcf3bf752a6"
    },
    "slots": [
      {
        "type": "image",
        "slot_name": "0",
        "width": 6000,
        "height": 4000,
        "thumbnail_url": "https://darwin.v7labs.com/api/v2/teams/zordiml/files/8cacd2c6-37fc-459b-a329-92e21d7367d3/thumbnail",
        "source_files": [
          {
            "file_name": "DSC00822.JPG",
            "url": "https://darwin.v7labs.com/api/v2/teams/zordiml/uploads/791f1e86-3d67-4954-b3f3-f4576c740260"
          }
        ]
      }
    ]
  },
  "annotations": []
}