{
  "version": "2.0",
  "schema_ref": "https://darwin-public.s3.eu-west-1.amazonaws.com/darwin_json_2_0.schema.json",
  "item": {
    "name": "DSC00765.JPG",
    "path": "/",
    "source_info": {
      "dataset": {
        "name": "flower-thrips-20230525",
        "slug": "flower-thrips-20230525",
        "dataset_management_url": "https://darwin.v7labs.com/datasets/646662/dataset-management"
      },
      "item_id": "0188537f-8af1-2f98-e189-570b0c7bf13d",
      "team": {
        "name": "ZordiML",
        "slug": "zordiml"
      },
      "workview_url": "https://darwin.v7labs.com/workview?dataset=646662&item=0188537f-8af1-2f98-e189-570b0c7bf13d"
    },
    "slots": [
      {
        "type": "image",
        "slot_name": "0",
        "width": 6000,
        "height": 4000,
        "thumbnail_url": "https://darwin.v7labs.com/api/v2/teams/zordiml/files/fbda1ae6-8676-4cb1-9236-169da4bebcab/thumbnail",
        "source_files": [
          {
            "file_name": "DSC00765.JPG",
            "url": "https://darwin.v7labs.com/api/v2/teams/zordiml/uploads/0df7ae15-f310-4b16-80c7-8e34377fb346"
          }
        ]
      }
    ]
  },
  "annotations": []
}