{
  "version": "2.0",
  "schema_ref": "https://darwin-public.s3.eu-west-1.amazonaws.com/darwin_json_2_0.schema.json",
  "item": {
    "name": "DSC00701.JPG",
    "path": "/",
    "source_info": {
      "dataset": {
        "name": "flower-thrips-20230525",
        "slug": "flower-thrips-20230525",
        "dataset_management_url": "https://darwin.v7labs.com/datasets/646662/dataset-management"
      },
      "item_id": "0188537f-8af4-7730-bede-51e0116f2012",
      "team": {
        "name": "ZordiML",
        "slug": "zordiml"
      },
      "workview_url": "https://darwin.v7labs.com/workview?dataset=646662&item=0188537f-8af4-7730-bede-51e0116f2012"
    },
    "slots": [
      {
        "type": "image",
        "slot_name": "0",
        "width": 6000,
        "height": 4000,
        "thumbnail_url": "https://darwin.v7labs.com/api/v2/teams/zordiml/files/ff8397e5-208c-46e1-9fa2-c3c10208ace0/thumbnail",
        "source_files": [
          {
            "file_name": "DSC00701.JPG",
            "url": "https://darwin.v7labs.com/api/v2/teams/zordiml/uploads/87c6a271-5143-4853-bc07-ade5ca86433e"
          }
        ]
      }
    ]
  },
  "annotations": [
    {
      "annotators": [
        {
          "email": "labeler748@cogitotech.in",
          "full_name": "Sonali Thakur"
        }
      ],
      "bounding_box": {
        "h": 107.19,
        "w": 112.6,
        "x": 4375.14,
        "y": 1657.48
      },
      "id": "73b46c08-f6f2-4e83-be82-8a4064889299",
      "name": "thrips_mature",
      "reviewers": [
        {
          "email": "labeler748@cogitotech.in",
          "full_name": "Sonali Thakur"
        }
      ],
      "slot_names": [
        "0"
      ],
      "updated_at": "2023-06-06T08:31:37"
    }
  ]
}