{
  "version": "2.0",
  "schema_ref": "https://darwin-public.s3.eu-west-1.amazonaws.com/darwin_json_2_0.schema.json",
  "item": {
    "name": "DSC00663.JPG",
    "path": "/",
    "source_info": {
      "dataset": {
        "name": "flower-thrips-20230525",
        "slug": "flower-thrips-20230525",
        "dataset_management_url": "https://darwin.v7labs.com/datasets/646662/dataset-management"
      },
      "item_id": "0188537f-8af6-206b-40f8-ca4fe8d482cd",
      "team": {
        "name": "ZordiML",
        "slug": "zordiml"
      },
      "workview_url": "https://darwin.v7labs.com/workview?dataset=646662&item=0188537f-8af6-206b-40f8-ca4fe8d482cd"
    },
    "slots": [
      {
        "type": "image",
        "slot_name": "0",
        "width": 6000,
        "height": 4000,
        "thumbnail_url": "https://darwin.v7labs.com/api/v2/teams/zordiml/files/2d23547d-1290-4919-b23a-aaecdcc15177/thumbnail",
        "source_files": [
          {
            "file_name": "DSC00663.JPG",
            "url": "https://darwin.v7labs.com/api/v2/teams/zordiml/uploads/96aba89b-1d87-459a-948a-58845c1d7b6d"
          }
        ]
      }
    ]
  },
  "annotations": [
    {
      "annotators": [
        {
          "email": "labeler701@cogitotech.in",
          "full_name": "Moni Sharma"
        }
      ],
      "bounding_box": {
        "h": 75.6,
        "w": 97.41,
        "x": 2664.82,
        "y": 1902.61
      },
      "id": "27e992c6-41b2-4f2a-85d6-fe351d905604",
      "name": "thrips_mature",
      "reviewers": [
        {
          "email": "labeler748@cogitotech.in",
          "full_name": "Sonali Thakur"
        }
      ],
      "slot_names": [
        "0"
      ],
      "updated_at": "2023-06-05T11:01:52"
    }
  ]
}