{
  "version": "2.0",
  "schema_ref": "https://darwin-public.s3.eu-west-1.amazonaws.com/darwin_json_2_0.schema.json",
  "item": {
    "name": "DSC00825.JPG",
    "path": "/",
    "source_info": {
      "dataset": {
        "name": "flower-thrips-20230525",
        "slug": "flower-thrips-20230525",
        "dataset_management_url": "https://darwin.v7labs.com/datasets/646662/dataset-management"
      },
      "item_id": "0188537f-8aef-edf5-627b-6c9101d8d5ed",
      "team": {
        "name": "ZordiML",
        "slug": "zordiml"
      },
      "workview_url": "https://darwin.v7labs.com/workview?dataset=646662&item=0188537f-8aef-edf5-627b-6c9101d8d5ed"
    },
    "slots": [
      {
        "type": "image",
        "slot_name": "0",
        "width": 6000,
        "height": 4000,
        "thumbnail_url": "https://darwin.v7labs.com/api/v2/teams/zordiml/files/71b510a5-f9a0-4027-b44d-830fb5d3ed20/thumbnail",
        "source_files": [
          {
            "file_name": "DSC00825.JPG",
            "url": "https://darwin.v7labs.com/api/v2/teams/zordiml/uploads/b198d34d-6a11-49aa-9075-4293af54341a"
          }
        ]
      }
    ]
  },
  "annotations": []
}