{
  "version": "2.0",
  "schema_ref": "https://darwin-public.s3.eu-west-1.amazonaws.com/darwin_json_2_0.schema.json",
  "item": {
    "name": "DSC00784.JPG",
    "path": "/",
    "source_info": {
      "dataset": {
        "name": "flower-thrips-20230525",
        "slug": "flower-thrips-20230525",
        "dataset_management_url": "https://darwin.v7labs.com/datasets/646662/dataset-management"
      },
      "item_id": "0188537f-8af0-10ba-4cb5-17fb9a215ac2",
      "team": {
        "name": "ZordiML",
        "slug": "zordiml"
      },
      "workview_url": "https://darwin.v7labs.com/workview?dataset=646662&item=0188537f-8af0-10ba-4cb5-17fb9a215ac2"
    },
    "slots": [
      {
        "type": "image",
        "slot_name": "0",
        "width": 6000,
        "height": 4000,
        "thumbnail_url": "https://darwin.v7labs.com/api/v2/teams/zordiml/files/b136b9f7-2376-4bb4-b9ba-e624806707c7/thumbnail",
        "source_files": [
          {
            "file_name": "DSC00784.JPG",
            "url": "https://darwin.v7labs.com/api/v2/teams/zordiml/uploads/1cc726c4-d7d5-407a-97e0-ecc191e4dee1"
          }
        ]
      }
    ]
  },
  "annotations": []
}